-- phpMyAdmin SQL Dump
-- version 5.0.2
-- https://www.phpmyadmin.net/
--
-- Host: 127.0.0.1
-- Generation Time: Sep 01, 2021 at 07:06 PM
-- Server version: 10.4.13-MariaDB
-- PHP Version: 7.2.31

SET SQL_MODE = "NO_AUTO_VALUE_ON_ZERO";
START TRANSACTION;
SET time_zone = "+00:00";


/*!40101 SET @OLD_CHARACTER_SET_CLIENT=@@CHARACTER_SET_CLIENT */;
/*!40101 SET @OLD_CHARACTER_SET_RESULTS=@@CHARACTER_SET_RESULTS */;
/*!40101 SET @OLD_COLLATION_CONNECTION=@@COLLATION_CONNECTION */;
/*!40101 SET NAMES utf8mb4 */;

--
-- Database: `k2c`
--

-- --------------------------------------------------------

--
-- Table structure for table `eat`
--

CREATE TABLE `eat` (
  `eID` int(11) NOT NULL,
  `uID` int(11) NOT NULL,
  `eType` text NOT NULL,
  `eName` text NOT NULL,
  `eDate` date NOT NULL,
  `eTime` text NOT NULL,
  `eKcal` int(11) NOT NULL
) ENGINE=InnoDB DEFAULT CHARSET=utf8mb4;

--
-- Dumping data for table `eat`
--

INSERT INTO `eat` (`eID`, `uID`, `eType`, `eName`, `eDate`, `eTime`, `eKcal`) VALUES
(881, 1, 'beverage', 'น้ำฝรั่ง 1 กล่อง', '2021-08-23', '10:44:46am', 100),
(882, 1, 'beverage', 'น้ำใบเตย 1 แก้ว', '2021-08-23', '15:10:40', 120),
(883, 1, 'beverage', 'ช็อกโกแลตร้อน 1 แก้ว', '2021-08-23', '15:10:46', 120),
(884, 1, 'etc', 'LOLIPOP', '2021-08-23', '15:30:54', 123),
(885, 1, 'beverage', 'โอวัลติน 1 แก้ว', '2021-08-24', '12:02:21', 220),
(886, 1, 'beverage', 'น้ำใบเตย 1 แก้ว', '2021-08-24', '12:02:27', 120),
(887, 1, 'ผลไม้', 'ลิ้นจี่ 1 ลูก', '2021-08-24', '12:02:33', 17),
(888, 1, 'ผลไม้', 'สาลี่ 1 ผล', '2021-08-24', '12:02:40', 116),
(889, 1, 'อาหารคาว', 'หมี่กรอบราดหน้าหมู 1 จาน', '2021-08-24', '12:02:45', 690),
(890, 1, 'ผลไม้', 'ทุเรียนสด 1 เม็ด', '2021-08-24', '12:02:49', 59),
(891, 1, 'ผลไม้', 'ลูกพลับ 1 ผล', '2021-08-24', '12:02:57', 120),
(892, 1, 'beverage', 'น้ำใบบัวบก 1 แก้ว', '2021-08-24', '12:03:11', 120),
(893, 1, 'อาหารหวาน', 'กล้วยฉาบ 1 ชิ้น', '2021-08-24', '12:03:20', 29),
(894, 1, 'อาหารหวาน', 'ไข่หงส์ 1 ใบ', '2021-08-24', '12:03:52', 58),
(895, 1, 'อาหารคาว', 'ข้าวผัดอเมริกัน 1 จาน', '2021-08-24', '12:04:08', 790),
(896, 1, 'อาหารคาว', 'แคบหมู มีมัน 1 ชิ้นเล็ก', '2021-08-24', '12:04:21', 13),
(897, 1, 'beverage', 'น้ำใบเตย 1 แก้ว', '2021-08-25', '10:37:19', 120),
(898, 25, 'beverage', 'น้ำใบเตย 1 แก้ว', '2021-08-25', '10:38:59', 120),
(899, 25, 'beverage', 'น้ำฝรั่ง 1 กล่อง', '2021-08-25', '10:39:17', 100),
(900, 1, 'beverage', 'ไวน์เชอร์รี 1 cc', '2021-08-25', '10:58:58', 1),
(901, 1, 'อาหารคาว', 'ข้าวผัดแหนม 1 จาน', '2021-08-25', '11:39:39', 610),
(902, 1, 'ผลไม้', 'สละหวาน 1 ผล', '2021-08-27', '10:17:24', 60),
(903, 1, 'อาหารคาว', 'ข้าวผัดไส้กรอก 1 จาน', '2021-08-27', '10:17:45', 520),
(904, 1, 'ผลไม้', 'กล้วยไข่ 1 ลูก', '2021-08-27', '10:18:22', 40),
(905, 1, 'อาหารคาว', 'ข้าวหมูทอดกระเทียม 1 จาน', '2021-08-27', '10:19:43', 525),
(906, 25, 'อาหารคาว', 'ข้าวกุ้งทอดกระเทียมพริกไทย 1 จาน', '2021-08-27', '10:20:26', 495),
(907, 25, 'อาหารคาว', 'พิซซ่าทะเล 1 ชิ้น', '2021-08-27', '10:20:39', 335),
(908, 25, 'อาหารคาว', 'ถั่วลิสงแผ่นทอด 1 แผ่น', '2021-08-27', '10:20:50', 150),
(909, 1, 'beverage', 'วอดก้า 1 cc', '2021-08-27', '14:52:42', 2),
(910, 1, 'อาหารคาว', 'ข้าวเหนียวกะทิทุเรียน 1 ถ้วย', '2021-08-29', '15:31:41', 225),
(911, 1, 'อาหารหวาน', 'ขนมเข่ง 1 กระทง', '2021-08-29', '15:31:45', 120),
(912, 1, 'เครื่องดื่ม', 'น้ำโค้ก, น้ำเป๊ปซี่ 1 แก้ว', '2021-08-29', '15:31:49', 100),
(913, 1, 'อาหารหวาน', 'ขนมฝักบัว 1 ชิ้น', '2021-08-29', '15:31:53', 70),
(914, 25, 'อาหารคาว', 'ก๋วยเตี๋ยวแขก 1 ชาม', '2021-08-29', '15:32:29', 380),
(915, 25, 'อาหารคาว', 'กระเพาะปลาตุ๋นน้ำแดง 1 ชาม', '2021-08-29', '15:32:33', 225),
(916, 25, 'อาหารหวาน', 'สังขยา 1 ชิ้นเล็ก', '2021-08-29', '15:32:39', 204),
(917, 25, 'เครื่องดื่ม', 'น้ำกระเจี๊ยบ 1 แก้ว', '2021-08-29', '15:32:44', 120),
(918, 26, 'เครื่องดื่ม', 'น้ำโค้ก, น้ำเป๊ปซี่ 1 แก้ว', '2021-08-29', '15:33:14', 100),
(919, 26, 'เครื่องดื่ม', 'น้ำมะเขือเทศ 1 แก้ว', '2021-08-29', '15:33:18', 48),
(920, 26, 'อาหารคาว', 'ข้าวอบเผือก 1 จาน', '2021-08-29', '15:33:22', 385),
(921, 26, 'อาหารหวาน', 'ขนมถ้วย 1 ถ้วย', '2021-08-29', '15:33:26', 133),
(922, 26, 'อาหารหวาน', 'ข้าวเม่าทอด 1 ชิ้น', '2021-08-29', '15:33:36', 209),
(923, 26, 'เครื่องดื่ม', 'วิสกี้ 1 cc', '2021-08-29', '15:33:40', 2),
(924, 26, 'เครื่องดื่ม', 'น้ำมะเขือเทศ 1 แก้ว', '2021-08-29', '15:33:44', 48),
(925, 26, 'อาหารคาว', 'หมี่กรอบราดหน้าหมู 1 จาน', '2021-08-29', '15:34:05', 690),
(926, 27, 'อาหารหวาน', 'ข้าวต้มมัด 1 มัด', '2021-08-29', '15:34:45', 285),
(927, 27, 'อาหารคาว', 'แกงจืดถั่วงอกหมูสับ 1 ถ้วย', '2021-08-29', '15:34:51', 50),
(928, 27, 'อาหารคาว', 'กุ้งอบวุ้นเส้น 1 จาน', '2021-08-29', '15:34:58', 300),
(929, 27, 'เครื่องดื่ม', 'น้ำโค้ก, น้ำเป๊ปซี่ 1 แก้ว', '2021-08-29', '15:35:04', 100),
(930, 27, 'อาหารหวาน', 'เค้กเนย 1 ชิ้น', '2021-08-29', '15:35:10', 255),
(931, 27, 'อาหารหวาน', 'ขนมไหว้พระจันทร์ไส้ลูกบัวไข่เค็ม 1 ชิ้น', '2021-08-29', '15:35:20', 375),
(932, 28, 'อาหารคาว', 'แฮมเบอร์เกอร์ไก่ชีส 1 ชิ้น', '2021-08-29', '15:36:04', 280),
(933, 28, 'อาหารหวาน', 'ขนมเล็บมือนาง 1 จานเล็ก', '2021-08-29', '15:36:12', 275),
(934, 28, 'อาหารคาว', 'ข้าวเหนียวกะทิทุเรียน 1 ถ้วย', '2021-08-29', '15:36:16', 225),
(935, 28, 'อาหารคาว', 'ข้าวเหนียวกะทิทุเรียน 1 ถ้วย', '2021-08-29', '15:36:20', 225),
(936, 28, 'อาหารคาว', 'ข้าวเหนียวกะทิทุเรียน 1 ถ้วย', '2021-08-29', '15:36:23', 225),
(937, 28, 'อาหารหวาน', 'ปาท่องโก๋ 1 ตัว', '2021-08-29', '15:36:32', 124),
(938, 29, 'อาหารคาว', 'พิซซ่าขอบไส้กรอกชีส 1 ชิ้น', '2021-08-29', '15:37:00', 340),
(939, 29, 'อาหารคาว', 'กุ้งนางนึ่งนมสด 1 ถ้วย', '2021-08-29', '15:37:08', 185),
(940, 29, 'อาหารคาว', 'แกงกะหรี่ไก่ 1 ถ้วย', '2021-08-29', '15:37:12', 450),
(941, 29, 'อาหารหวาน', 'ขนมปังมะพร้าว 1 ชิ้น', '2021-08-29', '15:37:17', 235),
(942, 29, 'เครื่องดื่ม', 'น้ำมะเขือเทศ 1 แก้ว', '2021-08-29', '15:37:21', 48),
(943, 29, 'ผลไม้', 'ส้มเขียวหวาน 1 ลูก', '2021-08-29', '15:37:37', 32),
(944, 29, 'etc', 'นมถั่วเหลือง', '2021-08-29', '15:37:37', 150),
(945, 30, 'ผลไม้', 'แคนตาลูป 1 ชิ้น', '2021-08-29', '15:38:29', 4),
(946, 30, 'อาหารหวาน', 'ขนมไหว้พระจันทร์ไส้ทุเรียนกวน 1 ชิ้น', '2021-08-29', '15:38:34', 340),
(947, 30, 'เครื่องดื่ม', 'น้ำโค้ก, น้ำเป๊ปซี่ 1 แก้ว', '2021-08-29', '15:38:39', 100),
(948, 30, 'อาหารคาว', 'ก๋วยเตี๋ยวผัดไทยใส่ไข่ 1 จาน', '2021-08-29', '15:38:48', 577),
(949, 31, 'อาหารคาว', 'ข้าวกุ้งทอดกระเทียมพริกไทย 1 จาน', '2021-08-29', '15:39:33', 495),
(950, 31, 'อาหารหวาน', 'ข้าวเม่าทอด 1 ชิ้น', '2021-08-29', '15:39:37', 209),
(951, 31, 'อาหารหวาน', 'คุ้กกี้ชาเขียว 1 ชิ้น', '2021-08-29', '15:39:42', 75),
(952, 32, 'อาหารคาว', 'ปลาสลิดทอด 1 ตัว', '2021-08-29', '15:40:18', 190),
(953, 32, 'เครื่องดื่ม', 'ชามะนาว 1 แก้ว', '2021-08-29', '15:40:22', 100),
(954, 32, 'อาหารคาว', 'ข้าวผัดปูใส่ไข่ 1 จาน', '2021-08-29', '15:40:31', 610),
(955, 32, 'อาหารคาว', 'พิซซ่าไส้กรอก 1 ชิ้น', '2021-08-29', '15:40:46', 290),
(956, 32, 'อาหารหวาน', 'ลอดช่องน้ำกะทิ 1 ถ้วย', '2021-08-29', '15:40:53', 210),
(957, 33, 'อาหารหวาน', 'ข้าวเม่าทอด 1 ชิ้น', '2021-08-29', '15:41:15', 209),
(958, 33, 'อาหารคาว', 'กุ้งผัดพริกอ่อน 1 จาน', '2021-08-29', '15:41:18', 235),
(959, 33, 'อาหารคาว', 'ไก่ตุ๋นมะนาวดอง 1 ชาม', '2021-08-29', '15:41:22', 110),
(960, 33, 'อาหารคาว', 'แกงเผ็ดฟักทองหมู 1 ถ้วย', '2021-08-29', '15:41:25', 250),
(961, 34, 'อาหารคาว', 'หมูคลุกเกล็ดขนมปังทอดซอส 1 ชุด', '2021-08-29', '15:48:08', 645),
(962, 34, 'อาหารคาว', 'ข้าวผัดหนำเลี้ยบหมูใส่ไข่ 1 จาน', '2021-08-29', '15:48:12', 370),
(963, 34, 'อาหารคาว', 'ขนมจีนแกงเขียวหวานไก่ 1 ชาม', '2021-08-29', '15:48:19', 594),
(964, 35, 'อาหารคาว', 'ข้าวไข่เจียว 1 จาน', '2021-08-29', '15:48:52', 445),
(965, 36, 'อาหารคาว', 'ต้มหัวผักกาดขาวซี่โครงหมู 1 ถ้วย', '2021-08-29', '15:49:18', 90),
(966, 36, 'อาหารคาว', 'ราดหน้าบะหมี่กรอบไก่ 1 จาน', '2021-08-29', '15:49:24', 660),
(967, 36, 'อาหารคาว', 'ต้มหัวผักกาดขาวซี่โครงหมู 1 ถ้วย', '2021-08-29', '15:49:30', 90),
(968, 36, 'อาหารคาว', 'ข้าวราดหน้าไก่ 1 จาน', '2021-08-29', '15:49:35', 400),
(969, 1, 'อาหารคาว', 'ยำไข่ต้มทรงเครื่อง 1 จาน', '2021-08-29', '07:51:27', 188),
(970, 37, 'อาหารคาว', 'โจ๊กหมู 1 ถ้วย', '2021-08-29', '08:03:20', 160),
(971, 37, 'อาหารคาว', 'หมูทอดเนยสลัดน้ำใส 1 จาน', '2021-08-29', '08:03:29', 635),
(972, 37, 'อาหารคาว', 'ข้าวหมูแดง 1 จาน', '2021-08-29', '08:03:36', 541),
(973, 38, 'อาหารคาว', 'แกงมัสมั่นไก่ 1 ถ้วย', '2021-08-29', '08:06:59', 325),
(974, 38, 'อาหารคาว', 'ข้าวขาหมู 1 จาน', '2021-08-29', '08:07:05', 690),
(975, 38, 'อาหารคาว', 'ขนมจีนน้ำยา 1 จาน', '2021-08-29', '08:07:09', 332),
(976, 39, 'อาหารคาว', 'หมูกรอบ 1 จาน', '2021-08-29', '08:09:46', 560),
(977, 39, 'ผลไม้', 'กล้วยไข่ 1 ลูก', '2021-08-29', '08:09:53', 40),
(978, 39, 'อาหารคาว', 'โครงไก่ทอด 1 ตัว', '2021-08-29', '08:10:07', 656),
(979, 40, 'อาหารคาว', 'ก๋วยเตี๋ยวเรือน้ำตก 1 ชาม', '2021-08-29', '08:12:38', 180),
(980, 40, 'ผลไม้', 'ชมพู่ 1 ผล', '2021-08-29', '08:12:43', 16),
(981, 40, 'อาหารคาว', 'ปลาราดพริก 1 จาน', '2021-08-29', '08:12:52', 300),
(982, 40, 'อาหารคาว', 'คะน้าหมูกรอบ 1 จาน', '2021-08-29', '08:12:58', 420),
(983, 41, 'อาหารคาว', 'บะหมี่เกี๊ยวเป็ดย่าง 1 ชาม', '2021-08-29', '08:13:33', 415),
(984, 41, 'อาหารคาว', 'ข้าวหมกไก่ 1 จาน', '2021-08-29', '08:13:40', 534),
(985, 41, 'อาหารคาว', 'ข้าวซอยหมู 1 ชาม', '2021-08-29', '08:13:48', 395),
(986, 42, 'เครื่องดื่ม', 'น้ำกระเจี๊ยบ 1 แก้ว', '2021-08-29', '08:14:10', 120),
(987, 42, 'อาหารคาว', 'แกงหมูเทโพ 1 ถ้วย', '2021-08-29', '08:14:16', 300),
(988, 42, 'อาหารคาว', 'สเต๊กไก่ทอด + มันบด 1 จาน', '2021-08-29', '08:14:23', 615),
(989, 43, 'อาหารคาว', 'ก๋วยเตี๋ยวคั่วไก่ 1 จาน', '2021-08-29', '08:14:59', 435),
(990, 43, 'อาหารคาว', 'เนื้อผัดหวาน 1 จาน', '2021-08-29', '08:15:04', 590),
(991, 44, 'อาหารคาว', 'บะหมี่กรอบราดหน้ารวมมิตร 1 จาน', '2021-08-29', '08:15:37', 690),
(992, 44, 'อาหารคาว', 'มักกะโรนีขี้เมาไก่ 1 จาน', '2021-08-29', '08:15:44', 520),
(993, 27, 'อาหารคาว', 'พิซซ่าทะเล 1 ชิ้น', '2021-08-31', '10:42:48', 335),
(994, 27, 'อาหารคาว', 'แฮมเบอร์เกอร์ไก่ชีส 1 ชิ้น', '2021-08-31', '10:42:56', 280),
(995, 27, 'อาหารคาว', 'ก๋วยเตี๋ยวผัดกะเพราไก่ 1 จาน', '2021-08-31', '10:43:03', 440),
(996, 27, 'อาหารคาว', 'หอยแมลงภู่ทอด 1 จาน', '2021-08-31', '10:43:14', 605),
(997, 27, 'อาหารคาว', 'พิซซ่าทะเล 1 ชิ้น', '2021-08-31', '10:43:51', 335),
(998, 28, 'อาหารคาว', 'หอยแมลงภู่ทอด 1 จาน', '2021-08-31', '10:45:29', 605),
(999, 28, 'อาหารหวาน', 'ขนมไหว้พระจันทร์ไส้ลูกบัวไข่เค็ม 1 ชิ้น', '2021-08-31', '10:45:37', 375),
(1000, 28, 'อาหารคาว', 'พิซซ่าขอบไส้กรอกชีส 1 ชิ้น', '2021-08-31', '10:45:43', 340),
(1001, 29, 'อาหารคาว', 'ข้าวขาหมู 1 จาน', '2021-08-31', '10:47:19', 690),
(1002, 29, 'เครื่องดื่ม', 'โอวัลติน 1 แก้ว', '2021-08-31', '10:47:27', 220),
(1003, 29, 'เครื่องดื่ม', 'น้ำอ้อย 1 แก้ว', '2021-08-31', '10:47:33', 240),
(1004, 29, 'อาหารคาว', 'แซนด์วิชแฮมชีส 1 คู่', '2021-08-31', '10:47:47', 290),
(1005, 30, 'อาหารคาว', 'หมูกรอบ 1 จาน', '2021-08-31', '10:50:01', 560),
(1006, 30, 'อาหารคาว', 'พิซซ่าทะเล 1 ชิ้น', '2021-08-31', '10:50:24', 335),
(1007, 30, 'อาหารคาว', 'แซนด์วิชไก่ 1 คู่', '2021-08-31', '10:51:24', 240),
(1008, 30, 'อาหารคาว', 'พิซซ่าฮาวายเอี้ยน 1 ชิ้น', '2021-08-31', '10:51:39', 345),
(1009, 31, 'อาหารคาว', 'พายทูน่า 1 ชิ้น', '2021-08-31', '10:54:03', 280),
(1010, 31, 'อาหารคาว', 'กุ้งฝอยชุบแป้งทอด 1 แพ', '2021-08-31', '10:54:10', 308),
(1011, 31, 'อาหารคาว', 'โครงไก่ทอด 1 ตัว', '2021-08-31', '10:54:20', 656),
(1012, 32, 'อาหารคาว', 'เห็ดผัดน้ำมันหอย 1 จาน', '2021-08-31', '10:55:47', 185),
(1013, 32, 'เครื่องดื่ม', 'โอวัลติน 1 แก้ว', '2021-08-31', '10:55:58', 220),
(1014, 32, 'อาหารหวาน', 'แยมโรล 1 ชิ้น', '2021-08-31', '10:56:05', 310),
(1015, 32, 'อาหารคาว', 'โจ๊กหมูตับ ใส่ไข่ลวก 1 ถ้วย', '2021-08-31', '10:56:11', 230),
(1016, 32, 'อาหารคาว', 'ข้าวผัดหมูน้ำพริกเผา 1 จาน', '2021-08-31', '10:56:18', 665),
(1017, 33, 'อาหารคาว', 'ข้าวกุ้งทอดกระเทียมพริกไทย 1 จาน', '2021-08-31', '10:58:15', 495),
(1018, 33, 'อาหารหวาน', 'ขนมเล็บมือนาง 1 จานเล็ก', '2021-08-31', '10:58:20', 275),
(1019, 33, 'อาหารหวาน', 'เค้กกล้วยหอม 1 ชิ้น', '2021-08-31', '10:58:31', 370),
(1020, 33, 'อาหารหวาน', 'สังขยาฟักทอง 1 ชิ้นเล็ก', '2021-08-31', '10:58:40', 288),
(1021, 33, 'อาหารคาว', 'ข้าวหมูแดง 1 จาน', '2021-08-31', '10:58:59', 541),
(1022, 34, 'อาหารคาว', 'หมูกรอบ 1 จาน', '2021-08-31', '11:04:08', 560),
(1023, 34, 'อาหารคาว', 'หอยแมลงภู่ทอด 1 จาน', '2021-08-31', '11:04:18', 605),
(1024, 35, 'อาหารคาว', 'ข้าวไข่เจียว 1 จาน', '2021-08-31', '11:04:58', 445),
(1025, 35, 'อาหารคาว', 'ข้าวไข่เจียว 1 จาน', '2021-08-31', '11:05:05', 445),
(1026, 36, 'อาหารคาว', 'พิซซ่าทะเล 1 ชิ้น', '2021-08-31', '11:06:44', 335),
(1027, 36, 'อาหารคาว', 'ก๋วยเตี๋ยวแขก 1 ชาม', '2021-08-31', '11:06:52', 380),
(1028, 36, 'อาหารคาว', 'ข้าวผัดผักกระเฉดหมูกรอบ 1 จาน', '2021-08-31', '11:06:58', 600),
(1029, 36, 'อาหารคาว', 'ก๋วยเตี๋ยวเส้นใหญ่ผัดซีอิ๊วใส่ไข่ 1 จาน', '2021-08-31', '11:07:06', 520),
(1030, 37, 'อาหารคาว', 'พิซซ่าทะเล 1 ชิ้น', '2021-08-31', '11:07:42', 335),
(1031, 37, 'อาหารคาว', 'หอยแมลงภู่ทอด 1 จาน', '2021-08-31', '11:07:49', 605),
(1032, 37, 'อาหารหวาน', 'โรตี ใส่นมข้นและน้ำตาล 1 ชิ้น', '2021-08-31', '11:07:53', 192),
(1033, 38, 'อาหารหวาน', 'ครัวซอง 1 ชิ้น', '2021-08-31', '11:10:57', 235),
(1034, 38, 'อาหารคาว', 'ก๋วยเตี๋ยวผัดไทยใส่ไข่ 1 จาน', '2021-08-31', '11:11:03', 577),
(1035, 38, 'อาหารคาว', 'ก๋วยเตี๋ยวเส้นปลาน้ำ 1 ชาม', '2021-08-31', '11:11:10', 375),
(1036, 38, 'อาหารหวาน', 'เค้กกล้วยหอม 1 ชิ้น', '2021-08-31', '11:11:22', 370),
(1037, 39, 'อาหารคาว', 'แฮมเบอร์เกอร์หมู 1 ชิ้น', '2021-08-31', '11:13:41', 245),
(1038, 39, 'อาหารคาว', 'แฮมเบอร์เกอร์ไก่ชีส 1 ชิ้น', '2021-08-31', '11:13:48', 280),
(1039, 39, 'อาหารคาว', 'พิซซ่าขอบไส้กรอกชีส 1 ชิ้น', '2021-08-31', '11:13:55', 340),
(1040, 39, 'อาหารคาว', 'กุ้งฝอยชุบแป้งทอด 1 แพ', '2021-08-31', '11:14:02', 308),
(1041, 40, 'อาหารคาว', 'ก๋วยเตี๋ยวราดหน้าปลากะพง 1 จาน', '2021-08-31', '11:17:50', 435),
(1042, 40, 'เครื่องดื่ม', 'โอวัลติน 1 แก้ว', '2021-08-31', '11:18:08', 220),
(1043, 40, 'etc', 'เนื้อหมูหมัก 3 โล', '2021-08-31', '11:20:27', 500),
(1044, 40, 'อาหารคาว', 'แฮมเบอร์เกอร์ไก่ชีส 1 ชิ้น', '2021-08-31', '11:20:34', 280),
(1045, 40, 'อาหารหวาน', 'เค้กกล้วยหอม 1 ชิ้น', '2021-08-31', '11:20:41', 370),
(1046, 40, 'อาหารหวาน', 'บัวลอย 1 ถ้วยเล็ก', '2021-08-31', '11:20:55', 223),
(1047, 41, 'อาหารคาว', 'แฮมเบอร์เกอร์ไก่ชีส 1 ชิ้น', '2021-08-31', '11:25:35', 280),
(1048, 41, 'etc', 'มื้อเที่ยง', '2021-08-31', '11:25:48', 800),
(1049, 41, 'อาหารคาว', 'ข้าวไข่เจียว 1 จาน', '2021-08-31', '11:25:56', 445),
(1050, 41, 'อาหารหวาน', 'ขนมเล็บมือนาง 1 จานเล็ก', '2021-08-31', '11:26:06', 275),
(1051, 42, 'อาหารคาว', 'เส้นใหญ่ผัดซีอิ๊วใส่ไข่ 1 จาน', '2021-08-31', '11:27:31', 520),
(1052, 42, 'อาหารหวาน', 'ขนมเปียกปูน 1 จานเล็ก', '2021-08-31', '11:27:36', 195),
(1053, 42, 'เครื่องดื่ม', 'น้ำโค้ก, น้ำเป๊ปซี่ 1 แก้ว', '2021-08-31', '11:27:40', 100),
(1054, 42, 'อาหารหวาน', 'ข้าวเหนียวสังขยา 1 ห่อ', '2021-08-31', '11:27:45', 370),
(1055, 42, 'etc', 'รวมมิตรบาร์บีคิว', '2021-08-31', '11:28:01', 900),
(1056, 43, 'อาหารคาว', 'แซนด์วิชแฮมชีส 1 คู่', '2021-08-31', '11:29:14', 290),
(1057, 43, 'อาหารคาว', 'พิซซ่าไส้กรอก 1 ชิ้น', '2021-08-31', '11:29:23', 290),
(1058, 43, 'อาหารหวาน', 'ข้าวเหนียวสังขยา 1 ห่อ', '2021-08-31', '11:29:30', 370),
(1059, 43, 'อาหารหวาน', 'บัวลอย 1 ถ้วยเล็ก', '2021-08-31', '11:29:36', 223),
(1060, 43, 'อาหารหวาน', 'บัวลอยเผือก 1 ถ้วย', '2021-08-31', '11:29:44', 300),
(1061, 43, 'อาหารคาว', 'ก๋วยเตี๋ยวเส้นเล็กต้มยำหมู 1 ชาม', '2021-08-31', '11:29:49', 335),
(1062, 44, 'อาหารหวาน', 'เต้าส่วน 1 ถ้วย', '2021-08-31', '11:30:57', 215),
(1063, 44, 'อาหารคาว', 'ข้าวหน้าเป็ด 1 จาน', '2021-08-31', '11:31:03', 495),
(1064, 44, 'อาหารคาว', 'ก๋วยเตี๋ยวเส้นใหญ่ราดหน้าหมู 1 จาน', '2021-08-31', '11:31:10', 397),
(1065, 44, 'อาหารคาว', 'ข้าวผัดผักกระเฉดหมูกรอบ 1 จาน', '2021-08-31', '11:31:17', 600),
(1066, 1, 'อาหารคาว', 'พิซซ่าทะเล 1 ชิ้น', '2021-09-01', '09:48:05', 335),
(1067, 1, 'อาหารคาว', 'ก๋วยเตี๋ยวเส้นใหญ่ผัดซีอิ๊วใส่ไข่ 1 จาน', '2021-09-01', '09:48:11', 520),
(1068, 1, 'อาหารคาว', 'ก๋วยเตี๋ยวคั่วไก่ 1 จาน', '2021-09-01', '09:48:16', 435),
(1069, 1, 'อาหารคาว', 'พิซซ่าฮาวายเอี้ยน 1 ชิ้น', '2021-09-01', '10:26:16', 345),
(1070, 1, 'อาหารคาว', 'พิซซ่าขอบไส้กรอกชีส 1 ชิ้น', '2021-09-01', '10:28:44', 340),
(1071, 25, 'อาหารคาว', 'ข้าวกุ้งทอดกระเทียมพริกไทย 1 จาน', '2021-09-01', '10:36:03', 495),
(1072, 25, 'อาหารคาว', 'สเต๊กหมู + ผักสลัด 1 จาน', '2021-09-01', '10:36:12', 505),
(1073, 25, 'อาหารหวาน', 'ขนมไหว้พระจันทร์ไส้ลูกบัวไข่เค็ม 1 ชิ้น', '2021-09-01', '10:36:25', 375),
(1074, 25, 'อาหารคาว', 'พอร์คชอปทอดผักผัดเนย 1 จาน', '2021-09-01', '10:36:50', 545),
(1075, 26, 'อาหารหวาน', 'เค้กกล้วยหอม 1 ชิ้น', '2021-09-01', '10:38:35', 370),
(1076, 26, 'อาหารหวาน', 'ข้าวเหนียวสังขยา 1 ห่อ', '2021-09-01', '10:38:42', 370),
(1077, 26, 'อาหารคาว', 'ข้าวเหนียวหมูทอด 1 ชุด', '2021-09-01', '10:38:50', 440),
(1078, 26, 'อาหารหวาน', 'ขนมไหว้พระจันทร์ไส้ลูกบัวไข่เค็ม 1 ชิ้น', '2021-09-01', '10:38:59', 375),
(1079, 26, 'อาหารคาว', 'ก๋วยเตี๋ยวผัดไทยใส่ไข่ 1 จาน', '2021-09-01', '10:39:10', 577),
(1080, 27, 'อาหารคาว', 'โครงไก่ทอด 1 ตัว', '2021-09-01', '10:40:46', 656),
(1081, 27, 'อาหารคาว', 'ก๋วยเตี๋ยวเส้นใหญ่ราดหน้าหมู 1 จาน', '2021-09-01', '10:40:52', 397),
(1082, 27, 'อาหารคาว', 'ข้าวราดแกงเขียวหวานไก่ 1 จาน', '2021-09-01', '10:42:14', 483),
(1083, 27, 'อาหารคาว', 'โจ๊กหมูตับ ใส่ไข่ลวก 1 ถ้วย', '2021-09-01', '10:42:19', 230),
(1084, 28, 'อาหารคาว', 'ก๋วยเตี๋ยวผัดไทยใส่ไข่ 1 จาน', '2021-09-01', '10:43:16', 577),
(1085, 28, 'อาหารคาว', 'ข้าวผัดน้ำพริกลงเรือ 1 จาน', '2021-09-01', '10:43:21', 605),
(1086, 28, 'อาหารหวาน', 'ขนมไหว้พระจันทร์ไส้ลูกบัวไข่เค็ม 1 ชิ้น', '2021-09-01', '10:43:28', 375),
(1087, 28, 'อาหารคาว', 'ข้าวผัดคะน้าหมูกรอบ 1 จาน', '2021-09-01', '10:43:34', 670),
(1088, 29, 'อาหารคาว', 'ปลาราดซอสมะนาวมันฝรั่งทอด 1 จาน', '2021-09-01', '10:49:50', 560),
(1089, 29, 'อาหารคาว', 'ขนมหัวผักกาดผัด 1 จาน', '2021-09-01', '10:49:59', 560),
(1090, 29, 'อาหารคาว', 'เกี๊ยวกรอบราดหน้ากุ้ง 1 จาน', '2021-09-01', '10:50:04', 635),
(1091, 30, 'อาหารคาว', 'พิซซ่าฮาวายเอี้ยน 1 ชิ้น', '2021-09-01', '10:50:42', 345),
(1092, 30, 'อาหารหวาน', 'ขนมไหว้พระจันทร์ไส้ทุเรียนกวน 1 ชิ้น', '2021-09-01', '10:52:22', 340),
(1093, 30, 'อาหารคาว', 'ข้าวหมูทอดกระเทียม 1 จาน', '2021-09-01', '10:52:27', 525),
(1094, 30, 'อาหารคาว', 'แกงกะหรี่ไก่ 1 ถ้วย', '2021-09-01', '10:52:33', 450),
(1095, 31, 'อาหารหวาน', 'ขนมเล็บมือนาง 1 จานเล็ก', '2021-09-01', '10:53:14', 275),
(1096, 31, 'อาหารคาว', 'ข้าวหมูทอดกระเทียม 1 จาน', '2021-09-01', '10:53:20', 525),
(1097, 32, 'อาหารคาว', 'พิซซ่าขอบไส้กรอกชีส 1 ชิ้น', '2021-09-01', '10:54:30', 340),
(1098, 32, 'อาหารคาว', 'บะหมี่กรอบราดหน้ารวมมิตร 1 จาน', '2021-09-01', '10:54:34', 690),
(1099, 32, 'อาหารคาว', 'คะน้าหมูกรอบ 1 จาน', '2021-09-01', '10:54:53', 420),
(1100, 33, 'อาหารคาว', 'คะน้าหมูกรอบ 1 จาน', '2021-09-01', '10:56:25', 420),
(1101, 33, 'อาหารคาว', 'ข้าวหมูทอดกระเทียม 1 จาน', '2021-09-01', '10:57:04', 525),
(1102, 33, 'อาหารคาว', 'ข้าวราดแกงเขียวหวานไก่ 1 จาน', '2021-09-01', '10:57:10', 483),
(1103, 33, 'อาหารคาว', 'ข้าวหน้ากุ้งผัดพริกสด 1 จาน', '2021-09-01', '10:57:21', 540),
(1104, 35, 'อาหารคาว', 'บะหมี่น้ำน่องไก่ 1 ชาม', '2021-09-01', '11:00:18', 375),
(1105, 35, 'อาหารคาว', 'ขนมหัวผักกาดผัดใส่ไข่ 1 จาน', '2021-09-01', '11:00:23', 630),
(1106, 35, 'อาหารคาว', 'ก๋วยเตี๋ยวผัดไทยใส่ไข่ 1 จาน', '2021-09-01', '11:00:30', 577),
(1107, 35, 'อาหารคาว', 'ข้าวผัดปลาหมึกน้ำพริกเผา 1 จาน', '2021-09-01', '11:00:33', 535),
(1108, 36, 'อาหารคาว', 'แฮมเบอร์เกอร์หมู 1 ชิ้น', '2021-09-01', '14:27:47', 245),
(1109, 36, 'อาหารคาว', 'เกาเหลาราดหน้า 1 ถ้วย', '2021-09-01', '14:27:51', 300),
(1110, 36, 'อาหารคาว', 'ข้าวผัดหมูน้ำพริกเผา 1 จาน', '2021-09-01', '14:27:57', 665),
(1111, 37, 'อาหารหวาน', 'บัวลอยเผือก 1 ถ้วย', '2021-09-01', '14:28:27', 300),
(1112, 37, 'อาหารคาว', 'บะหมี่เกี๊ยวเป็ดย่าง 1 ชาม', '2021-09-01', '14:28:33', 415),
(1113, 37, 'อาหารคาว', 'ก๋วยเตี๋ยวผัดกะเพราไก่ 1 จาน', '2021-09-01', '14:28:38', 440),
(1114, 38, 'อาหารคาว', 'วุ้นเส้นผัดไทยกุ้งสด 1 จาน', '2021-09-01', '14:28:57', 520),
(1115, 38, 'อาหารคาว', 'บะหมี่น้ำน่องไก่ 1 ชาม', '2021-09-01', '14:29:01', 375),
(1116, 38, 'อาหารคาว', 'ข้าวผัดน้ำพริกเผาหมู 1 จาน', '2021-09-01', '14:29:06', 665),
(1117, 38, 'อาหารคาว', 'ต้มส้มปลาทู 1 ถ้วย', '2021-09-01', '14:29:12', 130),
(1118, 39, 'อาหารคาว', 'ขนมจีนแกงเขียวหวานไก่ 1 ชาม', '2021-09-01', '14:29:41', 594),
(1119, 39, 'อาหารคาว', 'แกงจืดถั่วงอกหมูสับ 1 ถ้วย', '2021-09-01', '14:29:45', 50),
(1120, 40, 'อาหารคาว', 'บะหมี่กรอบราดหน้ารวมมิตร 1 จาน', '2021-09-01', '14:30:17', 690),
(1121, 40, 'อาหารคาว', 'เกี๊ยวกรอบราดหน้ากุ้ง 1 จาน', '2021-09-01', '14:30:27', 635),
(1122, 40, 'อาหารหวาน', 'บัวลอยเผือก 1 ถ้วย', '2021-09-01', '14:30:32', 300),
(1123, 40, 'อาหารคาว', 'ปลาชุบขนมปังทอด + สลัดผัก 1 จาน', '2021-09-01', '14:30:37', 595),
(1124, 41, 'อาหารคาว', 'ข้าวหมูแดง 1 จาน', '2021-09-01', '14:31:07', 541),
(1125, 41, 'อาหารหวาน', 'ขนมไหว้พระจันทร์ไส้ลูกบัวไข่เค็ม 1 ชิ้น', '2021-09-01', '14:31:13', 375),
(1126, 41, 'อาหารคาว', 'ก๋วยเตี๋ยวผัดไทยใส่ไข่ 1 จาน', '2021-09-01', '14:31:23', 577),
(1127, 41, 'อาหารคาว', 'บะหมี่เกี๊ยวเป็ดย่าง 1 ชาม', '2021-09-01', '14:31:31', 415),
(1128, 42, 'อาหารคาว', 'กุ้งฝอยชุบแป้งทอด 1 แพ', '2021-09-01', '14:31:59', 308),
(1129, 42, 'อาหารคาว', 'ก๋วยเตี๋ยวเส้นใหญ่ผัดซีอิ๊วใส่ไข่ 1 จาน', '2021-09-01', '14:32:06', 520),
(1130, 42, 'อาหารหวาน', 'บัวลอยเผือก 1 ถ้วย', '2021-09-01', '14:32:16', 300),
(1131, 42, 'อาหารคาว', 'ข้าวผัดคะน้าหมูกรอบ 1 จาน', '2021-09-01', '14:32:42', 670),
(1132, 43, 'อาหารคาว', 'ก๋วยเตี๋ยวแขก 1 ชาม', '2021-09-01', '14:33:14', 380),
(1133, 43, 'อาหารคาว', 'ผัดมักกะโรนีหมู 1 จาน', '2021-09-01', '14:33:22', 514),
(1134, 43, 'อาหารคาว', 'ผัดมักกะโรนีหมู 1 จาน', '2021-09-01', '14:33:27', 514),
(1135, 43, 'อาหารคาว', 'ข้าวหมูแดง 1 จาน', '2021-09-01', '14:33:40', 541),
(1136, 44, 'อาหารคาว', 'แกงเผ็ดไก่ใส่หน่อไม้ 1 ถ้วย', '2021-09-01', '14:34:12', 245),
(1137, 44, 'อาหารคาว', 'กุ้งฝอยชุบแป้งทอด 1 แพ', '2021-09-01', '14:34:20', 308),
(1138, 44, 'อาหารคาว', 'ข้าวเหนียวหมูสวรรค์ 1 ชุด', '2021-09-01', '14:34:36', 480),
(1139, 44, 'อาหารคาว', 'ข้าวหมูทอดกระเทียม 1 จาน', '2021-09-01', '14:34:47', 525),
(1140, 1, 'อาหารคาว', 'พิซซ่าทะเล 1 ชิ้น', '2021-08-31', '21:48:01', 335),
(1141, 1, 'อาหารคาว', 'ก๋วยเตี๋ยวคั่วไก่ 1 จาน', '2021-08-31', '21:48:18', 435),
(1142, 1, 'เครื่องดื่ม', 'น้ำมะนาว 1 แก้ว', '2021-08-31', '21:48:35', 100),
(1143, 1, 'อาหารคาว', 'พอร์คชอปทอดผักผัดเนย 1 จาน', '2021-08-31', '21:48:43', 545),
(1144, 1, 'อาหารคาว', 'ข้าวหมูทอดกระเทียม 1 จาน', '2021-08-31', '21:48:52', 525),
(1145, 1, 'อาหารคาว', 'บะหมี่กรอบราดหน้ารวมมิตร 1 จาน', '2021-08-31', '21:49:00', 690),
(1146, 26, 'อาหารคาว', 'ก๋วยเตี๋ยวเส้นเล็กหมูแห้ง 1 ชาม', '2021-08-31', '21:50:55', 330),
(1147, 26, 'อาหารคาว', 'ข้าวขาหมู 1 จาน', '2021-08-31', '21:51:01', 690),
(1148, 1, 'ผลไม้', 'สับปะรด 1 ชิ้นเล็ก', '2021-09-01', '21:53:35', 8),
(1149, 1, 'อาหารคาว', 'เกี๊ยวกรอบราดหน้ากุ้ง 1 จาน', '2021-08-30', '21:55:31', 635),
(1150, 1, 'อาหารคาว', 'ก๋วยเตี๋ยวเส้นปลาแห้ง 1 ชาม', '2021-08-30', '21:55:43', 420),
(1151, 1, 'อาหารคาว', 'ข้าวผัดปูใส่ไข่ 1 จาน', '2021-08-30', '21:55:49', 610),
(1152, 26, 'อาหารคาว', 'พิซซ่าฮาวายเอี้ยน 1 ชิ้น', '2021-08-30', '22:00:14', 345),
(1153, 26, 'อาหารคาว', 'แกงกะหรี่ไก่ 1 ถ้วย', '2021-08-30', '22:00:18', 450),
(1154, 26, 'อาหารคาว', 'ข้าวขาหมู 1 จาน', '2021-08-30', '22:00:23', 690),
(1155, 27, 'อาหารคาว', 'ขนมจีนน้ำยา 1 จาน', '2021-08-30', '22:07:44', 332),
(1156, 27, 'อาหารคาว', 'ข้าวผัดปูใส่ไข่ 1 จาน', '2021-08-30', '22:07:51', 610),
(1157, 27, 'อาหารคาว', 'ก๋วยเตี๋ยวราดหน้าปลากะพง 1 จาน', '2021-08-30', '22:07:57', 435),
(1158, 28, 'อาหารคาว', 'ไก่ KFC สะโพก 1 ชิ้น', '2021-08-30', '22:09:43', 355),
(1159, 28, 'อาหารหวาน', 'เค้กกล้วยหอม 1 ชิ้น', '2021-08-30', '22:09:48', 370),
(1160, 28, 'อาหารหวาน', 'ขนมไหว้พระจันทร์ไส้ลูกบัวไข่เค็ม 1 ชิ้น', '2021-08-30', '22:09:53', 375),
(1161, 29, 'อาหารคาว', 'ขนมหัวผักกาดผัดใส่ไข่ 1 จาน', '2021-08-30', '22:10:32', 630),
(1162, 29, 'อาหารคาว', 'ข้าวกะเพราเนื้อ 1 จาน', '2021-08-30', '22:10:38', 622),
(1163, 29, 'อาหารคาว', 'แกงส้มชะอมไข่ทอดใส่กุ้ง 1 ถ้วย', '2021-08-30', '22:10:43', 270),
(1164, 30, 'อาหารหวาน', 'เต้าส่วน 1 ถ้วย', '2021-08-30', '22:11:10', 215),
(1165, 30, 'อาหารหวาน', 'ข้าวเหนียวสังขยา 1 ห่อ', '2021-08-30', '22:11:30', 370),
(1166, 30, 'อาหารคาว', 'ข้าวผัดน้ำพริกเผาหมู 1 จาน', '2021-08-30', '22:11:36', 665),
(1167, 31, 'เครื่องดื่ม', 'โอวัลติน 1 แก้ว', '2021-08-30', '22:26:54', 220),
(1168, 31, 'อาหารหวาน', 'ทับทิมกรอบ 1 ถ้วย', '2021-08-30', '22:27:01', 250),
(1169, 31, 'อาหารหวาน', 'ขนมปลากริมไข่เต่า 1 ถ้วย', '2021-08-30', '22:27:11', 250),
(1170, 31, 'อาหารหวาน', 'เค้กกล้วยหอม 1 ชิ้น', '2021-08-30', '22:27:29', 370),
(1171, 31, 'อาหารคาว', 'ก๋วยเตี๋ยวเส้นเล็กต้มยำหมู 1 ชาม', '2021-08-30', '22:27:35', 335);

-- --------------------------------------------------------

--
-- Table structure for table `food`
--

CREATE TABLE `food` (
  `fID` int(11) NOT NULL,
  `fType` text NOT NULL,
  `fName` text NOT NULL,
  `fKcal` int(11) NOT NULL
) ENGINE=InnoDB DEFAULT CHARSET=utf8mb4;

--
-- Dumping data for table `food`
--

INSERT INTO `food` (`fID`, `fType`, `fName`, `fKcal`) VALUES
(1, 'อาหารคาว', 'กระเพาะปลา 1 ชาม', 150),
(2, 'อาหารคาว', 'กระเพาะปลาตุ๋นน้ำแดง 1 ชาม', 225),
(3, 'ผลไม้', 'กล้วยไข่ 1 ลูก', 40),
(4, 'อาหารหวาน', 'กล้วยคลุกมะพร้าว 1 ถ้วย', 100),
(5, 'อาหารหวาน', 'กล้วยฉาบ 1 ชิ้น', 29),
(6, 'อาหารหวาน', 'กล้วยตาก 1 ผล', 30),
(7, 'อาหารหวาน', 'กล้วยทอด (กล้วยแขก) 1 ชิ้น', 50),
(8, 'ผลไม้', 'กล้วยน้ำว้า 1 ลูก', 36),
(9, 'อาหารหวาน', 'กล้วยบวชชี 1 ถ้วยเล็ก', 152),
(10, 'ผลไม้', 'กล้วยเล็บมือนาง 1 ผล', 30),
(11, 'ผลไม้', 'กล้วยหอม 1 ลูก', 77),
(12, 'อาหารคาว', 'กวยจั๊บ 1 ชาม', 240),
(13, 'อาหารคาว', 'กวยจั๊บญวณ 1 ชาม', 235),
(14, 'อาหารคาว', 'ก๋วยเตี๋ยวแขก 1 ชาม', 380),
(15, 'อาหารคาว', 'ก๋วยเตี๋ยวคั่วไก่ 1 จาน', 435),
(16, 'อาหารคาว', 'ก๋วยเตี๋ยวต้มยำกุ้ง 1 ถ้วย', 320),
(17, 'อาหารคาว', 'ก๋วยเตี๋ยวเนื้อเลียง 1 ถ้วย', 370),
(18, 'อาหารคาว', 'ก๋วยเตี๋ยวเนื้อสับ 1 จาน', 370),
(19, 'อาหารคาว', 'ก๋วยเตี๋ยวผัดกะเพราไก่ 1 จาน', 440),
(20, 'อาหารคาว', 'ก๋วยเตี๋ยวผัดไทยใส่ไข่ 1 จาน', 577),
(21, 'อาหารคาว', 'ก๋วยเตี๋ยวราดหน้าปลากะพง 1 จาน', 435),
(22, 'อาหารคาว', 'ก๋วยเตี๋ยวเรือน้ำตก 1 ชาม', 180),
(23, 'อาหารคาว', 'ก๋วยเตี๋ยวเรือน้ำตกแห้ง 1 ชาม', 225),
(24, 'อาหารคาว', 'ก๋วยเตี๋ยวเส้นปลาน้ำ 1 ชาม', 375),
(25, 'อาหารคาว', 'ก๋วยเตี๋ยวเส้นปลาแห้ง 1 ชาม', 420),
(26, 'อาหารคาว', 'ก๋วยเตี๋ยวเส้นเล็กต้มยำหมู 1 ชาม', 335),
(27, 'อาหารคาว', 'ก๋วยเตี๋ยวเส้นเล็กหมูแห้ง 1 ชาม', 330),
(28, 'อาหารคาว', 'ก๋วยเตี๋ยวเส้นหมี่น้ำลูกชิ้นเนื้อวัว 1 จาน', 226),
(29, 'อาหารคาว', 'ก๋วยเตี๋ยวเส้นหมี่ลูกชิ้นเนื้อ 1 ชาม', 258),
(30, 'อาหารคาว', 'ก๋วยเตี๋ยวเส้นใหญ่ผัดซีอิ๊วใส่ไข่ 1 จาน', 520),
(31, 'อาหารคาว', 'ก๋วยเตี๋ยวเส้นใหญ่ราดหน้าไก่ 1 จาน', 397),
(32, 'อาหารคาว', 'ก๋วยเตี๋ยวเส้นใหญ่ราดหน้าหมู 1 จาน', 397),
(33, 'อาหารคาว', 'ก๋วยเตี๋ยวหลอด 1 ชิ้น', 50),
(34, 'อาหารหวาน', 'กะละแม 1 ห่อเล็ก', 65),
(35, 'อาหารคาว', 'กะหรี่ปั๊บ 1 ตัว', 157),
(36, 'อาหารคาว', 'กุ้งแช่น้ำปลา 1 ตัว', 14),
(37, 'อาหารคาว', 'กุ้งทอดกระเทียมพริกไทย 1 ตัวขนาดกลาง', 86),
(38, 'อาหารคาว', 'กุ้งนางนึ่งนมสด 1 ถ้วย', 185),
(39, 'อาหารคาว', 'กุ้งนึ่งกระเทียม 1 จาน', 124),
(40, 'อาหารคาว', 'กุ้งผัดพริกอ่อน 1 จาน', 235),
(41, 'อาหารคาว', 'กุ้งฝอยชุบแป้งทอด 1 แพ', 308),
(42, 'อาหารคาว', 'กุ้งอบวุ้นเส้น 1 จาน', 300),
(43, 'อาหารคาว', 'กุนเชียงทอด 1 ชิ้นเล็ก', 120),
(44, 'อาหารคาว', 'กุยช่ายทอด 1 ชิ้น', 114),
(45, 'อาหารคาว', 'เกาเหลาราดหน้า 1 ถ้วย', 300),
(46, 'อาหารคาว', 'เกาเหลาลูกชิ้นน้ำ 1 ชาม', 225),
(47, 'อาหารคาว', 'เกี๊ยวกรอบราดหน้ากุ้ง 1 จาน', 635),
(48, 'อาหารคาว', 'เกี๊ยวซ่า 1 ชิ้น', 63),
(49, 'อาหารคาว', 'เกี๊ยวกุ้งน้ำ 1 ชาม', 275),
(50, 'อาหารคาว', 'เกี๊ยวปลาน้ำ 1 ถ้วย', 165),
(51, 'อาหารคาว', 'แกงกะหรี่ไก่ 1 ถ้วย', 450),
(52, 'อาหารคาว', 'แกงกะหรี่หมู 1 ถ้วย', 325),
(53, 'อาหารคาว', 'แกงขี้เหล็ก 1 ถ้วย', 195),
(54, 'อาหารคาว', 'แกงขี้เหล็กหมูย่าง 1 ถ้วย', 245),
(55, 'อาหารคาว', 'แกงเขียวหวานไก่ 1 ถ้วย', 240),
(56, 'อาหารคาว', 'แกงเขียวหวานปลาดุก 1 ถ้วย', 235),
(57, 'อาหารคาว', 'แกงเขียวหวานลูกชิ้นปลากราย 1 ถ้วย', 240),
(58, 'อาหารคาว', 'แกงเขียวหวานหมู 1 ถ้วย', 235),
(59, 'อาหารคาว', 'แกงจืดไข่เจียว 1 ถ้วย', 120),
(60, 'อาหารคาว', 'แกงจืดตำลึงหมูสับ 1 ถ้วย', 90),
(61, 'อาหารคาว', 'แกงจืดเต้าหู้ไม่ใส่หมูสับ 1 ถ้วย', 80),
(62, 'อาหารคาว', 'แกงจืดเต้าหู้ยัดไส้ 1 ถ้วย', 110),
(63, 'อาหารคาว', 'แกงจืดถั่วงอกไม่ใส่หมูสับ 1 ถ้วย', 50),
(64, 'อาหารคาว', 'แกงจืดถั่วงอกหมูสับ 1 ถ้วย', 50),
(65, 'อาหารคาว', 'แกงจืดฟักยัดไส้ 1 ถ้วย', 90),
(66, 'อาหารคาว', 'แกงจืดมะระยัดไส้ 1 ถ้วย', 90),
(67, 'อาหารคาว', 'แกงจืดมะระยัดไส้หมูวุ้นเส้น 1 ชิ้น', 66),
(68, 'อาหารคาว', 'แกงจืดวุ้นเส้น 1 ถ้วย', 85),
(69, 'อาหารคาว', 'แกงไตปลา 1 ถ้วย', 50),
(70, 'อาหารคาว', 'แกงป่าไก่ 1 ถ้วย', 110),
(71, 'อาหารคาว', 'แกงเผ็ดไก่ใส่มะเขือ 1 ถ้วย', 235),
(72, 'อาหารคาว', 'แกงเผ็ดไก่ใส่หน่อไม้ 1 ถ้วย', 245),
(73, 'อาหารคาว', 'แกงเผ็ดเป็ดย่าง 1 ถ้วย', 240),
(74, 'อาหารคาว', 'แกงเผ็ดฟักทองใส่หมู 1 ถ้วย', 250),
(75, 'อาหารคาว', 'แกงเผ็ดฟักทองหมู 1 ถ้วย', 250),
(76, 'อาหารคาว', 'แกงเผ็ดมะเขือไก่ 1 ถ้วย', 235),
(77, 'อาหารคาว', 'แกงเผ็ดลูกชิ้นปลา 1 ถ้วย', 240),
(78, 'อาหารคาว', 'แกงเผ็ดหน่อไม้ไก่ 1 ถ้วย', 245),
(79, 'อาหารคาว', 'แกงเผ็ดหมูยอดมะพร้าว 1 ถ้วย', 245),
(80, 'อาหารคาว', 'แกงมัสมั่นไก่ 1 ถ้วย', 325),
(81, 'อาหารคาว', 'แกงเลียง 1 ชาม', 115),
(82, 'อาหารคาว', 'แกงเลียงผักรวม 1 ถ้วย', 48),
(83, 'อาหารคาว', 'แกงส้ม 1 ถ้วย', 28),
(84, 'อาหารคาว', 'แกงส้มชะอมไข่ทอดใส่กุ้ง 1 ถ้วย', 270),
(85, 'อาหารคาว', 'แกงส้มดอกแคกุ้ง 1 ถ้วย', 105),
(86, 'อาหารคาว', 'แกงส้มปลาช่อนผักบุ้ง 1 ถ้วย', 105),
(87, 'อาหารคาว', 'แกงส้มปลาแป๊ะซะ 1 ถ้วย', 160),
(88, 'อาหารคาว', 'แกงส้มผักกระเฉดปลา 1 ชาม', 110),
(89, 'อาหารคาว', 'แกงส้มผักบุ้งปลาช่อน 1 ถ้วย', 105),
(90, 'อาหารคาว', 'แกงส้มผักรวม 1 ถ้วย', 120),
(91, 'อาหารคาว', 'แกงหมูเทโพ 1 ถ้วย', 300),
(92, 'อาหารคาว', 'แกงเหลืองมะละกอกุ้ง 1 ถ้วย', 80),
(93, 'อาหารคาว', 'แกงเหลืองหน่อไม้ดองกับปลา 1 ถ้วย', 80),
(94, 'ผลไม้', 'แก้วมังกร 1 ลูก', 60),
(95, 'อาหารคาว', 'โกยซีหมี่ 1 จาน', 550),
(96, 'อาหารคาว', 'ไก่ KFC สะโพก 1 ชิ้น', 355),
(97, 'อาหารคาว', 'ไก่ KFC ฮอตวิง 1 ชิ้น', 78),
(98, 'อาหารคาว', 'ไก่ตุ๋นมะนาวดอง 1 ชาม', 110),
(99, 'อาหารคาว', 'ไก่ทอด 1 น่อง', 345),
(100, 'อาหารคาว', 'ไก่ผัดขิง 1 จาน', 210),
(101, 'อาหารคาว', 'ไก่ยอชุบแป้งทอด 1 ชิ้น', 73),
(102, 'อาหารคาว', 'ไก่ย่าง 1 น่อง', 165),
(103, 'อาหารหวาน', 'ขนมกรวย 1 กรวย', 63),
(104, 'อาหารหวาน', 'ขนมกล้วย 1 ห่อ', 120),
(105, 'อาหารหวาน', 'ขนมกลีบลำดวน 1 ชิ้น', 23),
(106, 'อาหารหวาน', 'ขนมกุยช่าย 1 ชิ้น', 53),
(107, 'อาหารหวาน', 'ขนมเกลียว 1 ตัว', 25),
(108, 'อาหารหวาน', 'ขนมขี้หนู 1 ถ้วย', 165),
(109, 'อาหารหวาน', 'ขนมเข่ง 1 กระทง', 120),
(110, 'อาหารหวาน', 'ขนมครก 1 คู่', 92),
(111, 'อาหารคาว', 'ขนมจีน 1 ทัพพี', 80),
(112, 'อาหารคาว', 'ขนมจีนแกงเขียวหวานไก่ 1 ชาม', 594),
(113, 'อาหารคาว', 'ขนมจีนซาวน้ำ 1 จาน', 320),
(114, 'อาหารคาว', 'ขนมจีนน้ำเงี้ยว 1 ถ้วย', 243),
(115, 'อาหารคาว', 'ขนมจีนน้ำพริก 1 จาน', 228),
(116, 'อาหารคาว', 'ขนมจีนน้ำยา 1 จาน', 332),
(117, 'อาหารคาว', 'ขนมจีนน้ำยาปักษ์ใต้ 1 จาน', 146),
(118, 'อาหารคาว', 'ขนมจีบหมู 1 ชิ้น', 32),
(119, 'อาหารหวาน', 'ขนมตาล 1 กระทง', 58),
(120, 'อาหารหวาน', 'ขนมถั่วแปบ 1 ชิ้น', 14),
(121, 'อาหารหวาน', 'ขนมเทียน 1 ห่อ', 103),
(122, 'อาหารหวาน', 'ขนมบ้าบิ่น 1 ชิ้น', 130),
(123, 'อาหารหวาน', 'ขนมเบื้องไทยไส้เค็ม 1 แผ่น', 50),
(124, 'อาหารหวาน', 'ขนมเบื้องไทยไส้หวาน 1 แผ่น', 60),
(125, 'อาหารหวาน', 'ขนมเปียกปูน 1 จานเล็ก', 195),
(126, 'อาหารหวาน', 'ขนมผิง 1 ชิ้นเล็ก', 5),
(127, 'อาหารหวาน', 'ขนมฝักบัว 1 ชิ้น', 70),
(128, 'อาหารหวาน', 'ขนมเล็บมือนาง 1 จานเล็ก', 275),
(129, 'อาหารหวาน', 'ขนมหน้านวล 1 ชิ้น', 22),
(130, 'อาหารคาว', 'ขนมหัวผักกาดผัด 1 จาน', 560),
(131, 'อาหารคาว', 'ขนมหัวผักกาดผัดใส่ไข่ 1 จาน', 630),
(132, 'อาหารคาว', 'ข้าวกะเพราเนื้อ 1 จาน', 622),
(133, 'อาหารคาว', 'ข้าวกุ้งทอดกระเทียม 1 จาน', 495),
(134, 'อาหารคาว', 'ข้าวเกรียบกุ้ง 1 แผ่น', 37),
(135, 'อาหารคาว', 'ข้าวเกรียบปากหม้อ 1 ชิ้น', 26),
(136, 'อาหารคาว', 'ข้าวแกงกะหรี่ไก่ 1 จาน', 389),
(137, 'อาหารคาว', 'ข้าวแกงเผ็ดไก่ 1 จาน', 485),
(138, 'อาหารคาว', 'ข้าวไก่อบ 1 จาน', 490),
(139, 'อาหารคาว', 'ข้าวขาหมู 1 จาน', 690),
(140, 'อาหารคาว', 'ข้าวไข่เจียว 1 จาน', 445),
(141, 'อาหารคาว', 'ข้าวคลุกกะปิ 1 จาน', 410),
(142, 'อาหารคาว', 'ข้าวแช่ 1 ชุด', 350),
(143, 'อาหารคาว', 'ข้าวซอยไก่ 1 ชาม', 395),
(144, 'อาหารคาว', 'ข้าวซอยหมู 1 ชาม', 395),
(145, 'อาหารคาว', 'ข้าวต้ม (ข้าวกล้อง) 1 ถ้วย', 120),
(146, 'อาหารคาว', 'ข้าวต้ม (ข้าวขาว) 1 ถ้วย', 120),
(147, 'อาหารคาว', 'ข้าวต้มทรงเครื่อง 1 ถ้วย', 230),
(148, 'อาหารคาว', 'ข้าวต้มปลา 1 ถ้วย', 325),
(149, 'อาหารหวาน', 'ข้าวต้มมัด 1 มัด', 285),
(150, 'อาหารคาว', 'ข้าวตังหน้าตั้ง 1 แผ่น', 90),
(151, 'อาหารคาว', 'ข้าวตังหมูหยอง 1 แผ่น', 80),
(152, 'อาหารหวาน', 'ข้าวแต๋นราดน้ำตาล 1 แผ่น', 150),
(153, 'อาหารคาว', 'ข้าวปุ้น (ส้มตำ-ขนมจีน) 1 จาน', 180),
(154, 'อาหารคาว', 'ข้าวผัดกะเพราหมูกรอบ 1 จาน', 650),
(155, 'อาหารคาว', 'ข้าวผัดกะเพรากุ้ง 1 จาน', 540),
(156, 'อาหารคาว', 'ข้าวผัดกะเพราไก่ 1 จาน', 554),
(157, 'อาหารคาว', 'ข้าวผัดกะเพราไก่ไข่ดาว 1 จาน', 630),
(158, 'อาหารคาว', 'ข้าวผัดกะเพราหมู 1 จาน', 580),
(159, 'อาหารคาว', 'ข้าวผัดกุ้งใส่ไข่ 1 จาน', 595),
(160, 'อาหารคาว', 'ข้าวผัดกุนเชียง 1 จาน', 590),
(161, 'อาหารคาว', 'ข้าวผัดแกงเขียวหวานไก่ 1 จาน', 630),
(162, 'อาหารคาว', 'ข้าวผัดคะน้าหมูกรอบ 1 จาน', 670),
(163, 'อาหารคาว', 'ข้าวผัดต้มยำทะเลแห้ง 1 จาน', 400),
(164, 'อาหารคาว', 'ข้าวผัดน้ำพริกกุ้งสด 1 จาน', 460),
(165, 'อาหารคาว', 'ข้าวผัดน้ำพริกเผาหมู 1 จาน', 665),
(166, 'อาหารคาว', 'ข้าวผัดน้ำพริกลงเรือ 1 จาน', 605),
(167, 'อาหารคาว', 'ข้าวผัดปลาเค็ม 1 จาน', 405),
(168, 'อาหารคาว', 'ข้าวผัดปลาหมึกน้ำพริกเผา 1 จาน', 535),
(169, 'อาหารคาว', 'ข้าวผัดปูใส่ไข่ 1 จาน', 610),
(170, 'อาหารคาว', 'ข้าวผัดผักกระเฉดหมูกรอบ 1 จาน', 600),
(171, 'อาหารคาว', 'ข้าวผัดมันกุ้งใส่ไข่ 1 จาน', 575),
(172, 'อาหารคาว', 'ข้าวผัดรวมมิตร (น้ำมันน้อย) 1 จาน', 210),
(173, 'อาหารคาว', 'ข้าวผัดสับปะรด 1 จาน', 335),
(174, 'อาหารคาว', 'ข้าวผัดไส้กรอก 1 จาน', 520),
(175, 'อาหารคาว', 'ข้าวผัดหนำเลี้ยบหมูใส่ไข่ 1 จาน', 370),
(176, 'อาหารคาว', 'ข้าวผัดหมูน้ำพริกเผา 1 จาน', 665),
(177, 'อาหารคาว', 'ข้าวผัดหมูใส่ไข่ 1 จาน', 557),
(178, 'อาหารคาว', 'ข้าวผัดแหนม 1 จาน', 610),
(179, 'อาหารคาว', 'ข้าวผัดอเมริกัน 1 จาน', 790),
(180, 'อาหารคาว', 'ข้าวพะแนงเนื้อ 1 จาน', 457),
(181, 'อาหารคาว', 'ข้าวโพดต้ม 1 ฝัก', 200),
(182, 'อาหารคาว', 'ข้าวมันไก่ 1 จาน', 596),
(183, 'อาหารคาว', 'ข้าวมันไก่ทอด 1 จาน', 695),
(184, 'อาหารหวาน', 'ข้าวเม่าทอด 1 ชิ้น', 209),
(185, 'อาหารคาว', 'ข้าวยำปักษ์ใต้ 1 จาน', 248),
(186, 'อาหารคาว', 'ข้าวราดแกงเขียวหวานไก่ 1 จาน', 483),
(187, 'อาหารคาว', 'ข้าวราดผัดผักบุ้ง ไข่ดาว 1 จาน', 410),
(188, 'อาหารคาว', 'ข้าวราดผัดผักใส่หมู 1 จาน', 370),
(189, 'อาหารคาว', 'ข้าวราดหน้าไก่ 1 จาน', 400),
(190, 'อาหารคาว', 'ข้าวสตูไก่ 1 จาน', 465),
(191, 'อาหารคาว', 'ข้าวสวย 1 ทัพพี', 68),
(192, 'อาหารคาว', 'ข้าวสวย (ข้าวกล้อง) 1 ทัพพี', 80),
(193, 'อาหารคาว', 'ข้าวสวย (ข้าวขาว) 1 ทัพพี', 80),
(194, 'อาหารคาว', 'ข้าวหน้ากุ้งผัดพริกสด 1 จาน', 540),
(195, 'อาหารคาว', 'ข้าวหน้าเป็ด 1 จาน', 495),
(196, 'อาหารคาว', 'ข้าวหมกไก่ 1 จาน', 534),
(197, 'อาหารคาว', 'ข้าวหมูแดง 1 จาน', 541),
(198, 'อาหารคาว', 'ข้าวหมูทอด 1 จาน', 416),
(199, 'อาหารคาว', 'ข้าวหมูทอดกระเทียม 1 จาน', 525),
(200, 'อาหารคาว', 'ข้าวหมูอบ 1 จาน', 389),
(201, 'อาหารคาว', 'ข้าวเหนียวกะทิทุเรียน 1 ถ้วย', 225),
(202, 'อาหารคาว', 'ข้าวเหนียวดำ 1 ถ้วยเล็ก', 205),
(203, 'อาหารคาว', 'ข้าวเหนียวตัด 1 ชิ้น', 210),
(204, 'อาหารคาว', 'ข้าวเหนียวนึ่ง 1 ทัพพี', 160),
(205, 'อาหารคาว', 'ข้าวเหนียวมูนกะทิ 1 จานเล็ก', 197),
(206, 'อาหารคาว', 'ข้าวเหนียวหน้าสังขยา 1 จานเล็ก', 223),
(207, 'อาหารคาว', 'ข้าวเหนียวหมูทอด 1 ชุด', 440),
(208, 'อาหารคาว', 'ข้าวเหนียวหมูสวรรค์ 1 ชุด', 480),
(209, 'อาหารคาว', 'ข้าวอบเผือก 1 จาน', 385),
(210, 'อาหารคาว', 'ไข่เค็ม 1 ฟอง', 75),
(211, 'อาหารคาว', 'ไข่เจียว 1 ฟอง', 215),
(212, 'อาหารคาว', 'ไข่ดาว 1 ฟอง', 215),
(213, 'อาหารคาว', 'ไข่ดาวทรงเครื่อง 1 ฟอง', 250),
(214, 'อาหารคาว', 'ไข่ต้ม 1 ฟอง', 73),
(215, 'อาหารคาว', 'ไข่ตุ๋น 1 ฟอง', 75),
(216, 'อาหารคาว', 'ไข่ตุ๋นทรงเครื่อง 1 ฟอง', 159),
(217, 'อาหารคาว', 'ไข่นกกระทา 1 จานเล็ก', 191),
(218, 'อาหารคาว', 'ไข่พะโล้ 1 ถ้วย', 180),
(219, 'อาหารคาว', 'ไข่ยัดไส้ 1 จาน', 310),
(220, 'อาหารคาว', 'ไข่ลวก 1 ฟอง', 75),
(221, 'อาหารคาว', 'ไข่ลูกเขย 1 ฟอง', 205),
(222, 'อาหารหวาน', 'ไข่หงส์ 1 ใบ', 58),
(223, 'อาหารหวาน', 'ครองแครงกรอบเค็ม 1 ตัว', 19),
(224, 'อาหารหวาน', 'ครัวซอง 1 ชิ้น', 235),
(225, 'อาหารคาว', 'ครีมซุปไก่ 1 ถ้วย', 160),
(226, 'อาหารคาว', 'คอหมูย่าง 1 จาน', 200),
(227, 'อาหารคาว', 'คะน้าหมูกรอบ 1 จาน', 420),
(228, 'อาหารคาว', 'เครื่องในไก่ผัดขิง 1 จาน', 200),
(229, 'ผลไม้', 'แคนตาลูป 1 ชิ้น', 4),
(230, 'อาหารคาว', 'แคบหมู มีมัน 1 ชิ้นเล็ก', 13),
(231, 'อาหารคาว', 'แคบหมู ไร้มัน 1 ชิ้นเล็ก', 10),
(232, 'อาหารคาว', 'โครงไก่ทอด 1 ตัว', 656),
(233, 'ผลไม้', 'เงาะ 1 ลูก', 12),
(234, 'อาหารคาว', 'แจ่วบอง 1 ถ้วย', 25),
(235, 'อาหารคาว', 'โจ๊กใส่ไข่ 1 ถ้วย', 250),
(236, 'อาหารคาว', 'โจ๊กหมู 1 ถ้วย', 160),
(237, 'อาหารคาว', 'โจ๊กหมูตับ ใส่ไข่ลวก 1 ถ้วย', 230),
(238, 'อาหารหวาน', 'เฉาก๊วย 1 ถ้วย', 90),
(239, 'ผลไม้', 'ชมพู่ 1 ผล', 16),
(240, 'ผลไม้', 'เชอร์รี 1 ผล', 15),
(241, 'อาหารหวาน', 'ซาลาเปาทอด 1 ลูก', 157),
(242, 'อาหารคาว', 'ซาลาเปาไส้หมู 1 ลูก', 202),
(243, 'อาหารหวาน', 'ซ่าหริ่ม 1 ชุด', 217),
(244, 'อาหารหวาน', 'ซ่าหริ่ม 1 ถ้วย', 275),
(245, 'อาหารหวาน', 'ซุปข้าวโพด 1 ถ้วย', 140),
(246, 'อาหารคาว', 'ซุปผัก (ใส) 1 ถ้วย', 15),
(247, 'อาหารคาว', 'ซุปหน่อไม้ 1 จาน', 40),
(248, 'อาหารคาว', 'ต้มกะทิสายบัวปลาทูนึ่ง 1 ถ้วย', 225),
(249, 'อาหารคาว', 'ต้มข่าไก่ 1 ถ้วย', 210),
(250, 'อาหารคาว', 'ต้มโคล้งไก่ย่าง 1 ถ้วย', 115),
(251, 'อาหารคาว', 'ต้มโคล้งปลากรอบ 1 ถ้วย', 60),
(252, 'อาหารคาว', 'ต้มจับฉ่าย 1 ถ้วย', 15),
(253, 'อาหารคาว', 'ต้มจืดเลือดหมู 1 ถ้วย', 120),
(254, 'อาหารคาว', 'ต้มตือฮวน 1 ถ้วย', 160),
(255, 'อาหารคาว', 'ต้มผักกาดดองซี่โครงหมู 1 ถ้วย', 90),
(256, 'อาหารคาว', 'ต้มยำกุ้ง 1 ถ้วย', 65),
(257, 'อาหารคาว', 'ต้มยำไก่ 1 ถ้วย', 60),
(258, 'อาหารคาว', 'ต้มยำไก่ใส่เห็ด 1 ถ้วย', 80),
(259, 'อาหารคาว', 'ต้มยำปลากระป๋อง 1 ถ้วย', 55),
(260, 'อาหารคาว', 'ต้มยำปลากะพง 1 ถ้วย', 80),
(261, 'อาหารคาว', 'ต้มยำปลาทู 1 ถ้วย', 10),
(262, 'อาหารคาว', 'ต้มยำปลาหมึก 1 ถ้วย', 9),
(263, 'อาหารคาว', 'ต้มยำเห็ดสด 1 ถ้วย', 30),
(264, 'อาหารคาว', 'ต้มส้มปลาทู 1 ถ้วย', 130),
(265, 'อาหารคาว', 'ต้มหัวผักกาดขาวซี่โครงหมู 1 ถ้วย', 90),
(266, 'อาหารหวาน', 'ตะโก้แห้ว 1 กระทง', 78),
(267, 'อาหารคาว', 'ตับไก่ปิ้ง 1 ไม้', 60),
(268, 'อาหารหวาน', 'เต้าส่วน 1 ถ้วย', 215),
(269, 'อาหารคาว', 'เต้าหู้แข็ง 1 ก้อน', 210),
(270, 'อาหารคาว', 'เต้าหู้ไข่ 1 หลอด', 70),
(271, 'อาหารคาว', 'เต้าหู้ทอด 1 ชิ้น', 57),
(272, 'อาหารหวาน', 'เต้าหู้นมสด 1 ถ้วย', 150),
(273, 'อาหารหวาน', 'เต้าฮวยน้ำขิง 1 ถ้วย', 130),
(274, 'ผลไม้', 'แตงไทย 1 ชิ้น', 4),
(275, 'ผลไม้', 'แตงโม 1 กิโลกรัม', 250),
(276, 'อาหารคาว', 'ถั่วทอด 1 แพ', 82),
(277, 'อาหารคาว', 'ถั่วลิสงทอด 1 ช้อนโต๊ะ', 62),
(278, 'อาหารหวาน', 'ทองม้วน 1 อัน', 35),
(279, 'อาหารคาว', 'ทอดมันกุ้ง 1 จาน', 255),
(280, 'อาหารคาว', 'ทอดมันปลากราย 1 ชิ้น', 37),
(281, 'อาหารหวาน', 'ทับทิมกรอบ 1 ถ้วย', 250),
(282, 'ผลไม้', 'ทุเรียนสด 1 เม็ด', 59),
(283, 'อาหารหวาน', 'ทุเรียนทอดกรอบ 1 ชิ้น', 9),
(284, 'อาหารคาว', 'เทมปุระ 1 ชิ้น', 77),
(285, 'อาหารหวาน', 'นมถั่วเหลือง (ไม่มีน้ำตาล) 1 แก้ว', 55),
(286, 'อาหารคาว', 'น่องไก่ทอด 1 น่อง', 345),
(287, 'อาหารคาว', 'น่องไก่ย่าง 1 น่อง', 97),
(288, 'ผลไม้', 'น้อยหน่า 1 ลูก', 61),
(289, 'เครื่องดื่ม', 'น้ำกระเจี๊ยบ 1 แก้ว', 120),
(290, 'เครื่องดื่ม', 'น้ำโค้ก, น้ำเป๊ปซี่ 1 แก้ว', 100),
(291, 'อาหารคาว', 'น้ำปลามะนาว 1 ตัวเล็ก', 165),
(292, 'อาหารคาว', 'น้ำพริกกะปิผักสด 1 ช้อนโต๊ะ', 28),
(293, 'อาหารคาว', 'น้ำพริกกุ้งเผา 1 ถ้วย', 90),
(294, 'อาหารคาว', 'น้ำพริกปลาป่น 1 ถ้วย', 35),
(295, 'อาหารคาว', 'น้ำพริกมะขามเปียก 1 ถ้วย', 55),
(296, 'อาหารคาว', 'น้ำพริกมะขามสด 1 ถ้วย', 210),
(297, 'อาหารคาว', 'น้ำพริกมะม่วง 1 ถ้วย', 100),
(298, 'อาหารคาว', 'น้ำพริกลงเรือ 1 ถ้วย', 195),
(299, 'อาหารคาว', 'น้ำพริกหนุ่ม 1 ช้อนโต๊ะ', 18),
(300, 'อาหารคาว', 'น้ำพริกอ่อง 1 ช้อนโต๊ะ', 80),
(301, 'เครื่องดื่ม', 'น้ำมะเขือเทศ 1 แก้ว', 48),
(302, 'เครื่องดื่ม', 'น้ำมะตูม 1 แก้ว', 120),
(303, 'เครื่องดื่ม', 'น้ำมะนาว 1 แก้ว', 100),
(304, 'เครื่องดื่ม', 'น้ำมะพร้าว 1 แก้ว', 120),
(305, 'เครื่องดื่ม', 'น้ำลำไย 1 แก้ว', 100),
(306, 'เครื่องดื่ม', 'น้ำส้มคั้น 1 แก้ว', 160),
(307, 'เครื่องดื่ม', 'น้ำสับปะรด 1 แก้ว', 125),
(308, 'เครื่องดื่ม', 'น้ำองุ่น 1 แก้ว', 112),
(309, 'เครื่องดื่ม', 'น้ำอ้อย 1 แก้ว', 240),
(310, 'อาหารคาว', 'เนื้อไก่ชุบแป้งทอด 1 ชิ้นเล็ก', 71),
(311, 'อาหารคาว', 'เนื้อน้ำตก 1 จาน', 165),
(312, 'อาหารคาว', 'เนื้อผัดหวาน 1 จาน', 590),
(313, 'เครื่องดื่ม', 'บรั่นดี 1 cc', 2),
(314, 'อาหารคาว', 'บ๊ะจ่าง 1 ลูก', 300),
(315, 'อาหารคาว', 'บะหมี่กรอบราดหน้า 1 จาน', 515),
(316, 'อาหารคาว', 'บะหมี่กรอบราดหน้าไก่หน่อไม้ 1 จาน', 660),
(317, 'อาหารคาว', 'บะหมี่กรอบราดหน้ารวมมิตร 1 จาน', 690),
(318, 'อาหารคาว', 'บะหมี่กึ่งสำเร็จรูป 1 ก้อน', 253),
(319, 'อาหารคาว', 'บะหมี่กึ่งสำเร็จรูปผัดกะเพราหมู 1 จาน', 540),
(320, 'อาหารคาว', 'บะหมี่กึ่งสำเร็จรูปผัดขี้เมา 1 จาน', 530),
(321, 'อาหารคาว', 'บะหมี่เกี๊ยวเป็ดย่าง 1 ชาม', 415),
(322, 'อาหารคาว', 'บะหมี่น้ำน่องไก่ 1 ชาม', 375),
(323, 'อาหารคาว', 'บะหมี่น้ำเกี๊ยวหมูแดง 1 ชาม', 305),
(324, 'อาหารคาว', 'บะหมี่น้ำต้มยำหมู 1 ถ้วย', 300),
(325, 'อาหารคาว', 'บะหมี่น้ำน่องไก่ 1 ชาม', 375),
(326, 'อาหารคาว', 'บะหมี่น้ำเป็ด 1 ชาม', 370),
(327, 'อาหารคาว', 'บะหมี่น้ำหมูต้มยำ 1 ชาม', 300),
(328, 'อาหารคาว', 'บะหมี่หมูแดง 1 ชาม', 231),
(329, 'อาหารคาว', 'บะหมี่แห้งหมูแดง 1 ชาม', 345),
(330, 'อาหารหวาน', 'บัวลอย 1 ถ้วยเล็ก', 223),
(331, 'อาหารหวาน', 'บัวลอยเผือก 1 ถ้วย', 300),
(332, 'อาหารคาว', 'บาร์บีคิวซี่โครงหมูข้าวคลุกเนย 1 ชุด', 340),
(333, 'เครื่องดื่ม', 'เบียร์ไทย 1 แก้ว', 148),
(334, 'อาหารคาว', 'ปลากะพงนึ่งมะนาว 1 ชิ้นกลาง', 155),
(335, 'อาหารคาว', 'ปลาช่อนทอด 1 ตัว', 1840),
(336, 'อาหารคาว', 'ปลาช่อนอบเกลือ 1 ตัว', 220),
(337, 'อาหารคาว', 'ปลาชุบขนมปังทอด + สลัดผัก 1 จาน', 595),
(338, 'อาหารคาว', 'ปลาซาบะย่าง 1 ตัว', 220),
(339, 'อาหารคาว', 'ปลาแซลมอนย่าง 1 จาน', 260),
(340, 'อาหารคาว', 'ปลาทอดสามรส 1 ตัวกลาง', 470),
(341, 'อาหารคาว', 'ปลาทูทอด 1 ตัวกลาง', 280),
(342, 'อาหารคาว', 'ปลานึ่ง 1 ตัว', 156),
(343, 'อาหารคาว', 'ปลาเผา 1 ตัว', 156),
(344, 'อาหารคาว', 'ปลาราดซอสมะนาวมันฝรั่งทอด 1 จาน', 560),
(345, 'อาหารคาว', 'ปลาราดพริก 1 จาน', 300),
(346, 'อาหารคาว', 'ปลาร้าทรงเครื่อง 1 ถ้วย', 155),
(347, 'อาหารคาว', 'ปลาร้าสับ 1 ถ้วย', 35),
(348, 'อาหารคาว', 'ปลาเล็กปลาน้อยทอดกรอบ 1 ช้อนโต๊ะ', 80),
(349, 'อาหารคาว', 'ปลาสลิดทอด 1 ตัว', 190),
(350, 'อาหารคาว', 'ปลาหมึกชุปแป้งทอด 1 ชิ้น', 49),
(351, 'อาหารคาว', 'ปลาหมึกนึ่งมะนาว 1 ตัว', 75),
(352, 'อาหารคาว', 'ปลาหมึกผัดฉ่า 1 ถ้วย', 260),
(353, 'อาหารคาว', 'ปลาหมึกย่าง 1 ไม้', 37),
(354, 'อาหารคาว', 'ปลาอินทรีเค็มทอด 1 จาน', 115),
(355, 'อาหารคาว', 'เปาะเปี๊ยะทอด 1 ชิ้น', 158),
(356, 'อาหารหวาน', 'ปาท่องโก๋ 1 ตัว', 124),
(357, 'อาหารคาว', 'ปีกไก่ทอด 1 ชิ้นกลาง', 107),
(358, 'อาหารคาว', 'ปีกไก่ยัดไส้ทอด 1 ชิ้น', 103),
(359, 'อาหารคาว', 'ปีกไก่อบ 1 ชิ้น', 169),
(360, 'อาหารคาว', 'เป็ดตุ๋นมะนาวดอง 1 ถ้วย', 110),
(361, 'อาหารคาว', 'เป็ดพะโล้ 1 ถ้วย', 110),
(362, 'อาหารคาว', 'ผัดกะหล่ำปลีหมู 1 จาน', 230),
(363, 'อาหารคาว', 'ผัดกุ้งสะตอหมู 1 จาน', 200),
(364, 'อาหารคาว', 'ผัดกุ้งหน่อไม้ฝรั่ง 1 จาน', 230),
(365, 'อาหารคาว', 'ผัดไข่หน่อไม้ 1 จาน', 200),
(366, 'อาหารคาว', 'ผัดคะน้าปลาเค็ม 1 จาน', 200),
(367, 'อาหารคาว', 'ผัดไชโป๊ใส่ไข่ 1 จาน', 125),
(368, 'อาหารคาว', 'ผัดซีอิ๊วเส้นใหญ่หมูใส่ไข่ 1 จาน', 679),
(369, 'อาหารคาว', 'ผัดดอกกะหล่ำกุ้ง 1 จาน', 210),
(370, 'อาหารคาว', 'ผัดดอกกุยช่ายตับ 1 จาน', 210),
(371, 'อาหารคาว', 'ผัดถั่วงอกเต้าหู้ 1 จาน', 155),
(372, 'อาหารคาว', 'ผัดถั่วลันเตากุ้ง 1 จาน', 190),
(373, 'อาหารคาว', 'ผัดไทยกุ้งสด 1 จาน', 486),
(374, 'อาหารคาว', 'ผัดไทยกุ้งสดใส่ไข่ 1 จาน', 545),
(375, 'อาหารคาว', 'ผัดไทยไร้เส้น 1 จาน', 182),
(376, 'อาหารคาว', 'ผัดไทยวุ้นเส้นกุ้งสด 1 จาน', 520),
(377, 'อาหารคาว', 'ผัดไทยห่อไข่ 1 จาน', 565),
(378, 'อาหารคาว', 'ผัดบรอกโคลีกุ้ง 1 จาน', 210),
(379, 'อาหารคาว', 'ผัดบวบใส่ไข่ 1 จาน', 210),
(380, 'อาหารคาว', 'ผัดเปรี้ยวหวานไก่ 1 จาน', 215),
(381, 'อาหารคาว', 'ผัดผักกระเฉดน้ำมันหอย 1 จาน', 185),
(382, 'อาหารคาว', 'ผัดผักกาดขาวหมูวุ้นเส้น 1 จาน', 230),
(383, 'อาหารคาว', 'ผัดผักกาดดองใส่ไข่ 1 จาน', 205),
(384, 'อาหารคาว', 'ผัดผักคะน้าน้ำมันหอย 1 จาน', 210),
(385, 'อาหารคาว', 'ผัดผักบุ้ง (ไม่ใส่น้ำมัน) 1 จาน', 40),
(386, 'อาหารคาว', 'ผัดผักบุ้งไฟแดง 1 จาน', 210),
(387, 'อาหารคาว', 'ผัดผักรวมหมู 1 จาน', 210),
(388, 'อาหารคาว', 'ผัดเผ็ดปลาดุก 1 จาน', 200),
(389, 'อาหารคาว', 'ผัดเผ็ดปลาทอดกรอบ 1 จาน', 290),
(390, 'อาหารคาว', 'ผัดเผ็ดมะเขือหมู 1 จาน', 250),
(391, 'อาหารคาว', 'ผัดพริกแกงหมูหน่อไม้ 1 จาน', 200),
(392, 'อาหารคาว', 'ผัดพริกขิงกุ้งกับถั่วฝักยาว 1 จาน', 245),
(393, 'อาหารคาว', 'ผัดพริกขิงหมูถั่วฝักยาว 1 จาน', 265),
(394, 'อาหารคาว', 'ผัดฟักทองใส่ไข่ 1 จาน', 255),
(395, 'อาหารคาว', 'ผัดมะเขือยาวหมูสับ 1 จาน', 210),
(396, 'อาหารคาว', 'ผัดมักกะโรนีกุ้ง 1 จาน', 420),
(397, 'อาหารคาว', 'ผัดมักกะโรนีหมู 1 จาน', 514),
(398, 'อาหารคาว', 'ผัดยอดมะระน้ำมันหอย 1 จาน', 185),
(399, 'อาหารคาว', 'ผัดวุ้นเส้นใส่ไข่ 1 จาน', 265),
(400, 'อาหารคาว', 'ผัดหมี่ซั่ว 1 จาน', 395),
(401, 'อาหารหวาน', 'เผือกทอด 1 ชิ้น', 99),
(402, 'ผลไม้', 'ฝรั่ง 1 ผล', 174),
(403, 'อาหารหวาน', 'ฝอยทอง 1 แพ', 146),
(404, 'อาหารคาว', 'เฝอ 1 ถ้วย', 240),
(405, 'อาหารคาว', 'พอร์คชอปทอดผักผัดเนย 1 จาน', 545),
(406, 'อาหารคาว', 'พะแนงไก่ 1 ถ้วย', 230),
(407, 'อาหารคาว', 'พะโล้ 1 ถ้วย', 210),
(408, 'ผลไม้', 'พุทรา 1 ลูก', 20),
(409, 'อาหารคาว', 'ฟักตุ๋นไก่มะนาวดอง 1 ถ้วย', 125),
(410, 'อาหารคาว', 'ฟักทองแกงบวด 1 ถ้วยเล็ก', 165),
(411, 'อาหารคาว', 'ฟักทองแกงบวด 1 ถ้วย', 185),
(412, 'ผลไม้', 'มะกอกฝรั่ง 1 ผล', 20),
(413, 'ผลไม้', 'มะขามหวาน 1 ผล', 20),
(414, 'ผลไม้', 'มะปรางสุก 1 ผล', 20),
(415, 'ผลไม้', 'มะเฟือง 1 ผล', 120),
(416, 'ผลไม้', 'มะไฟ 1 ผล', 4),
(417, 'ผลไม้', 'มะม่วงเขียวเสวย 1 ผล', 120),
(418, 'ผลไม้', 'มะม่วงดิบ 1 ลูก', 110),
(419, 'ผลไม้', 'มะม่วงน้ำดอกไม้ 1 ชิ้น', 15),
(420, 'ผลไม้', 'มะม่วงสุก 1 ลูก', 98),
(421, 'ผลไม้', 'มะม่วงอกร่องสุก 1 ชิ้น', 15),
(422, 'ผลไม้', 'มะยม 1 เม็ด', 4),
(423, 'ผลไม้', 'มะละกอ 1 ชิ้น', 8),
(424, 'อาหารคาว', 'มักกะโรนีขี้เมาไก่ 1 จาน', 520),
(425, 'อาหารคาว', 'มักกะโรนีผัดกุ้ง 1 จาน', 420),
(426, 'ผลไม้', 'มังคุด 1 ผล', 13),
(427, 'อาหารหวาน', 'มันแกงบวด 1 ถ้วยเล็ก', 184),
(428, 'อาหารหวาน', 'มันทอด 1 ชิ้น', 124),
(429, 'อาหารคาว', 'มั่นฝรั่งทอด (เฟรนช์ฟรายส์) 1 ชิ้น', 20),
(430, 'อาหารหวาน', 'เม็ดขนุน (ขนมไทย) 1 เม็ด', 35),
(431, 'อาหารคาว', 'เมล็ดมะม่วงหิมพานต์ทอด 1 ชิ้น', 28),
(432, 'อาหารคาว', 'เมี่ยงก๋วยเตี๋ยว 1 คำ', 20),
(433, 'อาหารคาว', 'เมี่ยงคำ 1 คำ', 30),
(434, 'อาหารคาว', 'แม่โขง 1 cc', 1),
(435, 'อาหารคาว', 'ยากิโซบะ 1 จาน', 400),
(436, 'อาหารคาว', 'ยำกุนเชียง 1 จาน', 220),
(437, 'อาหารคาว', 'ยำขนมจีน 1 จาน', 220),
(438, 'อาหารคาว', 'ยำไข่ต้ม 1 ฟอง', 105),
(439, 'อาหารคาว', 'ยำไข่ต้มทรงเครื่อง 1 จาน', 188),
(440, 'อาหารคาว', 'ยำถั่วพู 1 จาน', 185),
(441, 'อาหารคาว', 'ยำเนื้อย่าง 1 จาน', 165),
(442, 'อาหารคาว', 'ยำปลากระป๋อง 1 จาน', 55),
(443, 'อาหารคาว', 'ยำปลาดุกฟู 1 จาน', 275),
(444, 'อาหารคาว', 'ยำปลาหมึกย่าง 1 จาน', 99),
(445, 'อาหารคาว', 'ยำผักกระเฉด 1 จาน', 115),
(446, 'อาหารคาว', 'ยำผักกาดดอง 1 จาน', 30),
(447, 'อาหารคาว', 'ยำผักบุ้งทอดกรอบ 1 จาน', 310),
(448, 'อาหารคาว', 'ยำมะเขือยาว 1 จาน', 35),
(449, 'อาหารคาว', 'ยำมะม่วงทะเล 1 จาน', 136),
(450, 'อาหารคาว', 'ยำมาม่า 1 จาน', 215),
(451, 'อาหารคาว', 'ยำแมงกะพรุน 1 จาน', 105),
(452, 'อาหารคาว', 'ยำรวมมิตรทะเล 1 จาน', 132),
(453, 'อาหารคาว', 'ยำวุ้นเส้น 1 จาน', 120),
(454, 'อาหารคาว', 'ยำไส้กรอก 1 จาน', 110),
(455, 'อาหารคาว', 'ยำหนังหมู 1 จาน', 220),
(456, 'อาหารคาว', 'ยำหมูย่าง 1 จาน', 165),
(457, 'อาหารคาว', 'ยำหอยแมลงภู่ 1 จาน', 60),
(458, 'อาหารคาว', 'เย็นตาโฟ 1 ชาม', 290),
(459, 'ผลไม้', 'ระกำ 1 ผล', 8),
(460, 'อาหารคาว', 'ราดหน้าบะหมี่กรอบ 1 จาน', 515),
(461, 'อาหารคาว', 'ราดหน้าบะหมี่กรอบไก่ 1 จาน', 660),
(462, 'อาหารคาว', 'ราดหน้าปลากะพง 1 จาน', 435),
(463, 'อาหารคาว', 'ราดหน้าเส้นใหญ่หมู 1 จาน', 405),
(464, 'อาหารคาว', 'ราดหน้าหมูหมี่กรอบ 1 จาน', 690),
(465, 'เครื่องดื่ม', 'รูทเบียร์ 1 แก้ว', 105),
(466, 'อาหารหวาน', 'โรตี ใส่นมข้นและน้ำตาล 1 ชิ้น', 192),
(467, 'อาหารคาว', 'โรตีแกงเนื้อ, หมู 1 ชุด', 675),
(468, 'ผลไม้', 'ลองกอง 1 ลูก', 6),
(469, 'อาหารหวาน', 'ลอดช่องน้ำกะทิ 1 ถ้วย', 210),
(470, 'อาหารหวาน', 'ลอดช่องสิงคโปร์ 1 ถ้วย', 215),
(471, 'ผลไม้', 'ละมุด 1 ผล', 120),
(472, 'ผลไม้', 'ลางสาด 1 ผล', 6),
(473, 'อาหารคาว', 'ลาบไก่ 1 จาน', 125),
(474, 'อาหารคาว', 'ลาบเนื้อ 1 จาน', 119),
(475, 'อาหารคาว', 'ลาบปลา 1 จาน', 94),
(476, 'อาหารคาว', 'ลาบหมู 1 จาน', 119),
(477, 'ผลไม้', 'ลำไย 1 เม็ด', 8),
(478, 'ผลไม้', 'ลำไยแห้ง 1 เม็ด', 9),
(479, 'ผลไม้', 'ลิ้นจี่ 1 ลูก', 17),
(480, 'อาหารหวาน', 'ลูกเกด 1 เม็ด', 4),
(481, 'อาหารคาว', 'ลูกชิ้นไก่ 1 ลูก', 6),
(482, 'อาหารคาว', 'ลูกชิ้นทอด 1 ลูก', 35),
(483, 'อาหารคาว', 'ลูกชิ้นเนื้อวัว 1 ลูก', 8),
(484, 'อาหารคาว', 'ลูกชิ้นปลา 1 ลูก', 4),
(485, 'อาหารหวาน', 'ลูกชุบ 1 ชิ้น', 57),
(486, 'ผลไม้', 'ลูกตาลอ่อน 1 ผล', 120),
(487, 'ผลไม้', 'ลูกพลับ 1 ผล', 120),
(488, 'เครื่องดื่ม', 'วอดก้า 1 cc', 2),
(489, 'เครื่องดื่ม', 'วิสกี้ 1 cc', 2),
(490, 'อาหารคาว', 'วุ้นเส้นต้มยำ 1 จาน', 245),
(491, 'อาหารคาว', 'วุ้นเส้นผัดไทยกุ้งสด 1 จาน', 520),
(492, 'เครื่องดื่ม', 'ไวตามิลค์ 1 ขวด', 150),
(493, 'เครื่องดื่ม', 'ไวน์เชอร์รี 1 cc', 1),
(494, 'ผลไม้', 'สตรอว์เบอร์รี 1 ผล', 60),
(495, 'อาหารคาว', 'สเต๊กไก่ทอด + มันบด 1 จาน', 615),
(496, 'อาหารคาว', 'สเต๊กปลาย่าง 1 จาน', 260),
(497, 'อาหารคาว', 'สเต๊กหมู + ผักสลัด 1 จาน', 505),
(498, 'อาหารคาว', 'สปาเกตตีกะเพรากุ้ง 1 จาน', 485),
(499, 'อาหารคาว', 'สปาเกตตีไก่อบ 1 จาน', 430),
(500, 'ผลไม้', 'ส้มเขียวหวาน 1 ลูก', 32),
(501, 'ผลไม้', 'ส้มเช้ง 1 ผล', 60),
(502, 'อาหารคาว', 'ส้มตำ ไม่ใส่ถั่ว 1 จาน', 80),
(503, 'อาหารคาว', 'ส้มตำไทย ไม่ใส่ถั่ว 1 จาน', 55),
(504, 'อาหารคาว', 'ส้มตำปู ไม่ใส่ถั่ว 1 จาน', 35),
(505, 'อาหารคาว', 'ส้มตำปูไทย ไม่ใส่ถั่ว 1 จาน', 118),
(506, 'ผลไม้', 'ส้มแป้น 1 กิโลกรัม', 340),
(507, 'ผลไม้', 'ส้มโอ 1 กลีบ', 60),
(508, 'ผลไม้', 'สละหวาน 1 ผล', 60),
(509, 'อาหารคาว', 'สลัดกุ้ง 1 จาน', 92),
(510, 'อาหารคาว', 'สลัดกุ้งน้ำใส 1 จาน', 92),
(511, 'อาหารคาว', 'สลัดไก่ 1 จาน', 97),
(512, 'อาหารคาว', 'สลัดแขก 1 จาน', 230),
(513, 'อาหารคาว', 'สลัดไข่ 1 จาน', 123),
(514, 'อาหารคาว', 'สลัดเนื้อสันในทอด 1 จาน', 490),
(515, 'อาหารคาว', 'สลัดปลาทูน่า 1 จาน', 122),
(516, 'ผลไม้', 'สับปะรด 1 ชิ้นเล็ก', 8),
(517, 'อาหารหวาน', 'สัมปันนี 1 ชิ้น', 21),
(518, 'อาหารคาว', 'สาคูไส้หมู 1 ลูก', 51),
(519, 'ผลไม้', 'สาลี่ 1 ผล', 116),
(520, 'ผลไม้', 'สาลี่หอม 1 ผล', 60),
(521, 'อาหารคาว', 'สุกี้กุ้ง ไม่ใส่วุ้นเส้น 1 ถ้วย', 200),
(522, 'อาหารคาว', 'สุกี้ไก่ ไม่ใส่วุ้นเส้น 1 ถ้วย', 200),
(523, 'อาหารคาว', 'สุกี้น้ำไก่ 1 ชาม', 345),
(524, 'อาหารคาว', 'สุกี้หมู ไม่ใส่วุ้นเส้น 1 ถ้วย', 200),
(525, 'อาหารคาว', 'สุกี้แห้งทะเล 1 ชาม', 280),
(526, 'อาหารคาว', 'เส้นก๋วยเตี๋ยวผัดขี้เมา 1 จาน', 605),
(527, 'อาหารคาว', 'เส้นจันท์ผัดปู 1 จาน', 575),
(528, 'อาหารคาว', 'เส้นหมี่ลูกชิ้นน้ำใส 1 ชาม', 225),
(529, 'อาหารคาว', 'เส้นหมี่ลูกชิ้นหมูแห้ง 1 ชาม', 430),
(530, 'อาหารคาว', 'เส้นใหญ่ผัดซีอิ๊วใส่ไข่ 1 จาน', 520),
(531, 'อาหารคาว', 'ไส้กรอกเนื้อลูกวัวอบสลัดผัก 1 จาน', 465),
(532, 'อาหารคาว', 'ไส้กรอกอีสาน 1 ลูก', 90),
(533, 'อาหารคาว', 'ไส้อั่ว 1 คำ', 60),
(534, 'อาหารคาว', 'หน่อไม้ผัดไข่ 1 จาน', 200),
(535, 'อาหารคาว', 'หมี่กรอบราดหน้าหมู 1 จาน', 690),
(536, 'อาหารคาว', 'หมี่กะทิ 1 จาน', 405),
(537, 'อาหารคาว', 'หมี่ซั่วผัด 1 จาน', 395),
(538, 'อาหารคาว', 'หมูกรอบ 1 จาน', 560),
(539, 'อาหารคาว', 'หมูกะทะ 1 ชุด', 375),
(540, 'อาหารคาว', 'หมูคลุกเกล็ดขนมปังทอดซอส 1 ชุด', 645),
(541, 'อาหารคาว', 'หมูจุ่ม 1 ชุด', 375),
(542, 'อาหารคาว', 'หมูทอดเนยสลัดน้ำใส 1 จาน', 635),
(543, 'อาหารคาว', 'หมูน้ำตก 1 จาน', 165),
(544, 'อาหารคาว', 'หมูบด 1 ช้อนโต๊ะ', 50),
(545, 'อาหารคาว', 'หมูปิ้ง 1 ไม้', 125),
(546, 'อาหารคาว', 'หมูผัดขิง 1 จาน', 275),
(547, 'อาหารคาว', 'หมูแผ่น 1 แผ่นกลาง', 120),
(548, 'อาหารคาว', 'หมูฝอย 1 ช้อนโต๊ะ', 68),
(549, 'อาหารคาว', 'หมูยอชุบแป้งทอด 1 ชิ้น', 125),
(550, 'อาหารคาว', 'หมูย่างเกาหลี 1 ชุด', 375),
(551, 'อาหารคาว', 'หมูสะเต๊ะ 1 ไม้', 115),
(552, 'อาหารคาว', 'หมูหยอง 1 ช้อนโต๊ะ', 38),
(553, 'อาหารคาว', 'หลนปูเค็ม 1 ถ้วย', 205),
(554, 'อาหารคาว', 'หอยแมลงภู่ทอด 1 จาน', 605),
(555, 'อาหารคาว', 'หอยแมลงภู่อบหม้อดิน 1 ตัว', 17),
(556, 'อาหารคาว', 'เห็ดผัดน้ำมันหอย 1 จาน', 185),
(557, 'อาหารคาว', 'แหนมสด 1 จาน', 175),
(558, 'อาหารคาว', 'อกไก่ย่าง 1 ชิ้น', 110),
(559, 'อาหารคาว', 'อกไก่อบ 1 ชิ้น', 169),
(560, 'ผลไม้', 'องุ่น 1 เม็ด', 16),
(561, 'ผลไม้', 'องุ่นเปรี้ยว 1 เม็ด', 3),
(562, 'ผลไม้', 'องุ่นหวาน 1 เม็ด', 4),
(563, 'อาหารหวาน', 'อ้อยควั่น 1 ชิ้น', 12),
(564, 'ผลไม้', 'แอปเปิล 1 ลูก', 42),
(565, 'เครื่องดื่ม', 'โอวัลติน 1 แก้ว', 220),
(566, 'อาหารคาว', 'ฮะเก๋า 1 ลูกเล็ก', 115),
(567, 'อาหารหวาน', 'ขนมถ้วย 1 ถ้วย', 133),
(568, 'อาหารหวาน', 'กระทงทองไส้ข้าวโพด 1 ชิ้น', 72),
(569, 'อาหารคาว', 'กระทงทองไส้ไก่ 1 ชิ้น', 93),
(570, 'อาหารหวาน', 'กระยาสารท 1 ชิ้นกลาง', 210),
(571, 'อาหารหวาน', 'กล้วยคลุกมะพร้าว 1 ถ้วยเล็ก', 100),
(572, 'อาหารหวาน', 'ขนมชั้น 1 ชิ้น', 92),
(573, 'อาหารหวาน', 'ขนมต้มขาว 1 ลูก', 41),
(574, 'อาหารหวาน', 'ขนมปลากริมไข่เต่า 1 ถ้วย', 250),
(575, 'อาหารหวาน', 'ขนมปังกระเทียม 1 ชิ้น', 85),
(576, 'อาหารหวาน', 'ขนมปังขาไก่ 1 ชิ้น', 65),
(577, 'อาหารหวาน', 'ขนมปังปอนด์ 1 แผ่น', 80),
(578, 'อาหารหวาน', 'ขนมปังมะพร้าว 1 ชิ้น', 235),
(579, 'อาหารหวาน', 'ขนมปังสังขยา 1 ชิ้น', 230),
(580, 'อาหารหวาน', 'ขนมปังอบกรอบ 1 แผ่นเล็ก', 20),
(581, 'อาหารหวาน', 'ขนมปังไส้กรอก 1 ชิ้น', 130),
(582, 'อาหารหวาน', 'ขนมปังไส้หมูหยอง 1 ชิ้น', 185),
(583, 'อาหารหวาน', 'ขนมหม้อแกง 1 ชิ้น', 179),
(584, 'อาหารหวาน', 'ขนมไหว้พระจันทร์ไส้ทุเรียนกวน 1 ชิ้น', 340),
(585, 'อาหารหวาน', 'ขนมไหว้พระจันทร์ไส้ลูกบัวไข่เค็ม 1 ชิ้น', 375),
(586, 'อาหารคาว', 'ข้าวกุ้งทอดกระเทียมพริกไทย 1 จาน', 495),
(587, 'อาหารหวาน', 'ข้าวเหนียวหน้ากุ้ง 1 ห่อ', 179),
(588, 'อาหารหวาน', 'ข้าวเหนียวสังขยา 1 ห่อ', 370),
(589, 'อาหารหวาน', 'ครีมเทียม 1 ช้อนชา', 45),
(590, 'อาหารหวาน', 'ครีมโรล 1 ชิ้น', 360),
(591, 'อาหารหวาน', 'คอร์นเฟลก 1 ถ้วยตวง', 110),
(592, 'อาหารหวาน', 'คุ้กกี้ข้าวโอ๊ต 1 ชิ้น', 75),
(593, 'อาหารหวาน', 'คุ้กกี้ชาเขียว 1 ชิ้น', 75),
(594, 'อาหารหวาน', 'คุ้กกี้ช็อกโกแลตชิป 1 ชิ้น', 215),
(595, 'อาหารหวาน', 'คุ้กกี้สิงคโปร์ 1 ชิ้น', 95),
(596, 'อาหารหวาน', 'คุ้กกี้เนย 1 ชิ้น', 105),
(597, 'อาหารหวาน', 'คุ้กกี้ไส้สับปะรด 1 ชิ้น', 190),
(598, 'เครื่องดื่ม', 'ชาดำเย็น 1 แก้ว', 110),
(599, 'เครื่องดื่ม', 'ชามะนาว 1 แก้ว', 100),
(600, 'เครื่องดื่ม', 'ชาร้อน 1 แก้ว', 55),
(601, 'เครื่องดื่ม', 'ชาเย็น 1 แก้ว', 100),
(602, 'เครื่องดื่ม', 'ช็อกโกแลตร้อน 1 แก้ว', 120),
(603, 'อาหารคาว', 'ถั่วลิสงแผ่นทอด 1 แผ่น', 150),
(604, 'อาหารคาว', 'ถั่วลิสงต้ม 1 ช้อนโต๊ะ', 45),
(605, 'อาหารหวาน', 'ถั่วเขียวต้มน้ำตาล 1 ถ้วยเล็ก', 160),
(606, 'อาหารหวาน', 'ทองหยิบ 1 ดอก', 105),
(607, 'อาหารหวาน', 'ทุเรียนกวน 1 ช้อนโต๊ะ', 115),
(608, 'เครื่องดื่ม', 'น้ำนมข้าวโพด 1 แก้ว', 80),
(609, 'อาหารหวาน', 'น้ำตาลทราย 1 ช้อนชา', 20),
(610, 'เครื่องดื่ม', 'น้ำฝรั่ง 1 กล่อง', 100),
(611, 'อาหารหวาน', 'บราวนี่ 1 ชิ้น', 340),
(612, 'เครื่องดื่ม', 'น้ำใบเตย 1 แก้ว', 120),
(613, 'เครื่องดื่ม', 'น้ำใบบัวบก 1 แก้ว', 120),
(614, 'อาหารหวาน', 'พายกรอบ 1 ชิ้น', 118),
(615, 'อาหารหวาน', 'พายชีสบูลเบอร์รี 1 ชิ้น', 350),
(616, 'อาหารคาว', 'พายทูน่า 1 ชิ้น', 280),
(617, 'อาหารคาว', 'พิซซ่าขอบไส้กรอกชีส 1 ชิ้น', 340),
(618, 'อาหารคาว', 'พิซซ่าทะเล 1 ชิ้น', 335),
(619, 'อาหารคาว', 'พิซซ่าฮาวายเอี้ยน 1 ชิ้น', 345),
(620, 'อาหารคาว', 'พิซซ่าไส้กรอก 1 ชิ้น', 290),
(621, 'อาหารหวาน', 'ฟักทองเชื่อม 1 จาน', 167),
(622, 'อาหารหวาน', 'มะกอกทรงเครื่อง 1 ผล', 33),
(623, 'ผลไม้', 'มะขามหวาน 1 ฝัก', 30),
(624, 'ผลไม้', 'มะม่วงอกร่องสุก 1 ชิ้น', 15),
(625, 'อาหารคาว', 'มันฝรั่งแผ่น 1 ชิ้น', 13),
(626, 'อาหารหวาน', 'มันเทศเชื่อม 1 ถ้วยเล็ก', 230),
(627, 'อาหารหวาน', 'มันแกงบวด 1 ถ้วยเล็ก', 184),
(628, 'อาหารหวาน', 'มาการีน 1 ช้อนชา', 45),
(629, 'อาหารหวาน', 'รวมมิตร 1 ถ้วยเล็ก', 230),
(630, 'อาหารคาว', 'ลูกชิ้นปิ้ง 1 ไม้', 165),
(631, 'อาหารหวาน', 'ลูกตาลลอยแก้ว 1 ถ้วย', 180),
(632, 'อาหารหวาน', 'ลูกเกด 1 เม็ด', 4),
(633, 'อาหารหวาน', 'วุ้นมะพร้าวอ่อน 1 ชิ้น', 80),
(634, 'อาหารหวาน', 'สังขยา 1 ชิ้นเล็ก', 204),
(635, 'อาหารหวาน', 'สังขยาฟักทอง 1 ชิ้นเล็ก', 288),
(636, 'อาหารหวาน', 'สังขยาเผือก 1 ชิ้นเล็ก', 222),
(637, 'อาหารคาว', 'เกี๊ยวกรอบ 1 ชิ้น', 78),
(638, 'อาหารหวาน', 'เค้กกล้วยหอม 1 ชิ้น', 370),
(639, 'อาหารหวาน', 'เค้กช็อกโกแลต 1 ชิ้น', 275),
(640, 'อาหารหวาน', 'เค้กเนย 1 ชิ้น', 255),
(641, 'อาหารหวาน', 'เค้กใบเตย 1 ชิ้น', 250),
(642, 'อาหารคาว', 'เต้าหู้เหลือง 1 ชิ้น', 90),
(643, 'อาหารคาว', 'แซนด์วิชแฮมชีส 1 คู่', 290),
(644, 'อาหารคาว', 'แซนด์วิชทูน่า 1 คู่', 180),
(645, 'อาหารคาว', 'แซนด์วิชไก่ 1 คู่', 240),
(646, 'อาหารหวาน', 'แยมโรล 1 ชิ้น', 310),
(647, 'อาหารคาว', 'แฮมเบอร์เกอร์ไก่ชีส 1 ชิ้น', 280),
(648, 'อาหารคาว', 'แฮมเบอร์เกอร์หมู 1 ชิ้น', 245),
(649, 'อาหารหวาน', 'โดนัท 1 ชิ้น', 270),
(650, 'อาหารหวาน', 'โรตีสายไหม 1 ชิ้น', 145),
(651, 'อาหารหวาน', 'ไอศกรีมกะทิ 1 ก้อน', 108),
(652, 'อาหารหวาน', 'ไอศกรีมกาแฟ 1 ก้อน', 142),
(653, 'อาหารหวาน', 'ไอศกรีมช็อกโกแลต 1 ก้อน', 110),
(654, 'อาหารหวาน', 'ไอศกรีมวานิลลา 1 ก้อน', 140),
(655, 'อาหารหวาน', 'ไอศกรีมสตรอว์เบอร์รี 1 ก้อน', 110),
(656, 'อาหารหวาน', 'ไอศกรีมเรซิน 1 ก้อน', 264);

-- --------------------------------------------------------

--
-- Table structure for table `mmove`
--

CREATE TABLE `mmove` (
  `mID` int(11) NOT NULL,
  `mType` text NOT NULL,
  `mName` text NOT NULL,
  `mMET` int(11) NOT NULL
) ENGINE=InnoDB DEFAULT CHARSET=utf8mb4;

--
-- Dumping data for table `mmove`
--

INSERT INTO `mmove` (`mID`, `mType`, `mName`, `mMET`) VALUES
(1, 'บอร์ดี้เวท', 'ยกน้ำหนัก', 5),
(2, 'บอร์ดี้เวท', 'การบริหารกาย(Calisthenic)', 5),
(3, 'บอร์ดี้เวท', 'ลังค์(Lunges)', 4),
(4, 'บอร์ดี้เวท', 'คลันช์(Crunches)', 5),
(5, 'บอร์ดี้เวท', 'เบอร์พี(Burpee)', 8),
(6, 'บอร์ดี้เวท', 'กระโดดตบ', 8),
(7, 'บอร์ดี้เวท', 'วิดพื้น(Push-Ups)', 8),
(8, 'บอร์ดี้เวท', 'ซิทอัพ(Sit-Ups)', 8),
(9, 'บอร์ดี้เวท', 'ลุกนั่ง(Squats)', 6),
(10, 'คาร์ดิโอ', 'เครื่องเดินวงรี', 5),
(11, 'คาร์ดิโอ', 'เดิน', 5),
(12, 'คาร์ดิโอ', 'เต้น', 6),
(13, 'คาร์ดิโอ', 'แอโรบิค', 8),
(14, 'คาร์ดิโอ', 'วิ่ง', 10),
(15, 'กีฬา', 'เล่นกอล์ฟ', 5),
(16, 'กีฬา', 'เบสบอล', 5),
(17, 'กีฬา', 'ต่อยมวย', 6),
(18, 'กีฬา', 'วอลเลย์บอล', 6),
(19, 'กีฬา', 'เทนนิส', 7),
(20, 'กีฬา', 'ปีนเขา', 7),
(21, 'กีฬา', 'ปั่นจักรยาน', 7),
(22, 'กีฬา', 'บาสเกตบอล', 7),
(23, 'กีฬา', 'ว่ายน้ำ', 7),
(24, 'กีฬา', 'เล่นสกี', 7),
(25, 'กีฬา', 'เล่นสเกต', 7),
(26, 'กีฬา', ' เวิร์ตสเก็ต', 7),
(27, 'กีฬา', 'อินไลน์ฮอกกี้', 7),
(28, 'กีฬา', 'โรลเลอร์ซอคเกอร์', 7),
(29, 'กีฬา', 'อินไลน์สเก็ต', 7),
(30, 'กีฬา', 'โรลเลอร์สเกต', 7),
(31, 'กีฬา', 'แยมสเก็ต', 7),
(32, 'กีฬา', 'โรลเลอร์ดาร์บี้', 7),
(33, 'กีฬา', 'ริ้งฮอกกี้', 7),
(34, 'กีฬา', 'โร้ดสเก็ต', 7),
(35, 'กีฬา', 'โรลเลอร์สกี', 7),
(36, 'กีฬา', 'สกีในร่ม', 7),
(37, 'กีฬา', 'โรลเลอร์สกีครอสคันทรี', 7),
(38, 'กีฬา', 'โรลเลอร์อัลไพน์สกี', 7),
(39, 'กีฬา', 'สเก็ตบอร์ด', 7),
(40, 'กีฬา', 'สเก็ตบอร์ดฟรีสไตล์', 7),
(41, 'กีฬา', 'สเก็ตบอร์ดทริค', 7),
(42, 'กีฬา', 'สตรีทสเก็ตบอร์ด', 7),
(43, 'กีฬา', 'สกู๊ตเตอร์ฟรีสไตล์', 7),
(44, 'กีฬา', 'ปีนเขาน้ำแข็ง', 8),
(45, 'กีฬา', 'สกีไบค์', 8),
(46, 'กีฬา', 'สเก็ตน้ำแข็ง', 8),
(47, 'กีฬา', 'สเก็ตเร็ว', 8),
(48, 'กีฬา', 'สโนว์โมบิล', 8),
(49, 'กีฬา', 'พายเรือ', 8),
(50, 'กีฬา', 'ศิลปะการต่อสู้', 8),
(51, 'กีฬา', 'จานร่อน', 8),
(52, 'กีฬา', 'ฟุตบอล', 8),
(53, 'กีฬา', 'พายเรือแคนู', 10),
(54, 'กีฬา', 'พายเรือคายัค', 10),
(55, 'กีฬา', 'พายเรือแบบยืน', 10),
(56, 'กีฬา', 'ล่องแก่ง', 11),
(57, 'กิจวัตร', 'ดูทีวี', 1),
(58, 'กิจวัตร', 'นอนหลับ', 1),
(59, 'กิจวัตร', 'ยืดกล้ามเนื้อ', 2),
(60, 'กิจวัตร', 'ยืน', 3),
(61, 'กิจวัตร', 'ทำงานสวน', 6),
(62, 'กิจวัตร', 'เดินขึ้น - ลงบันได', 7),
(63, 'กิจวัตร', 'อ่านหนังสือ', 1),
(64, 'กิจวัตร', 'ล้างจาน', 2),
(65, 'กิจวัตร', 'เล่นดนตรี', 3),
(66, 'กิจวัตร', 'กวาดบ้าน', 4),
(67, 'กิจวัตร', 'ทำสวน', 4),
(68, 'กิจวัตร', 'ล้างรถ', 5),
(69, 'กิจวัตร', 'เล่นกับเด็ก', 5),
(70, 'กิจวัตร', 'ขนย้ายเฟอร์นิเจอร์', 6),
(71, 'กิจวัตร', 'เดินขึ้นบันได', 6),
(72, 'กีฬา', 'การเดินป่า', 8);

-- --------------------------------------------------------

--
-- Table structure for table `user`
--

CREATE TABLE `user` (
  `uID` int(11) NOT NULL,
  `uLogin` text NOT NULL,
  `uPassword` text NOT NULL,
  `uName` text NOT NULL,
  `uGender` text NOT NULL,
  `uHeight` int(11) NOT NULL,
  `uWeight` int(11) NOT NULL,
  `uDate` date NOT NULL,
  `uStatus` text NOT NULL,
  `uPic` text NOT NULL,
  `uBg` text NOT NULL
) ENGINE=InnoDB DEFAULT CHARSET=utf8mb4;

--
-- Dumping data for table `user`
--

INSERT INTO `user` (`uID`, `uLogin`, `uPassword`, `uName`, `uGender`, `uHeight`, `uWeight`, `uDate`, `uStatus`, `uPic`, `uBg`) VALUES
(1, 'boom', 'HopeYouEnjoy', 'Pakaporn Kanteng', 'Male', 178, 56, '2004-05-19', 'Admin', '01-1-boom128x128.png', '1-wp6709031.jpg'),
(25, 'nice', '123', 'nicelnwza', 'Male', 177, 60, '2003-06-17', 'user', '25-211135777_839764326663504_8396759923391743686_n.jpg', 'bgnewbie.jpg'),
(26, 'na', 'R@tcha', 'RutChaNa', 'Female', 156, 64, '2003-07-01', 'user', '26-15235544_224257554669815_601948478289188626_o.jpg', '26-naruto_background_5_by_pungpp_dcsgik3-fullview.jpg'),
(27, 'zoom', '0832492547zZ', 'ZoomerX', 'Male', 177, 60, '2004-03-14', 'user', '27-168231014_1822900054557427_5817171338010535093_n.jpg', '27-Prew.jpg'),
(28, 'jam', 'SecondDiaryJi', 'Niwasa Ruamjai', 'Female', 158, 65, '2004-07-13', 'user', '28-150848643_1731096000395298_8213521459016426674_n.jpg', 'bgnewbie.jpg'),
(29, 'prame', 'C6H12O6CuTE', 'Prame Soonthonthat', 'Male', 170, 50, '2013-07-26', 'user', '29-218083494_784209685598549_7215581390923762317_n.jpg', 'bgnewbie.jpg'),
(30, 'palm', 'ChickenWaterRed19', 'KamonchaPALM', 'Female', 175, 55, '2004-01-15', 'user', '30-25994831_1318879114925074_8817449362494236688_n.jpg', 'bgnewbie.jpg'),
(31, 'hong', 'Covid@home', 'HongBangMa', 'Female', 157, 45, '2004-03-12', 'user', '31-154751297_796359240961562_1211625881484532501_n.jpg', 'bgnewbie.jpg'),
(32, 'king', 'za3548xs', 'EsanKing', 'Male', 175, 50, '2005-07-29', 'user', '32-71141503_2412662049053081_7825902975678676992_n.jpg', 'bgnewbie.jpg'),
(33, 'pry', '42kDiamond', '4k_2021', 'Male', 175, 55, '2004-07-09', 'user', '33-71306800_365614394385411_2299491671705911296_n.jpg', 'bgnewbie.jpg'),
(34, 'tetee', 'horrorRule12', 'party', 'Female', 153, 48, '2004-07-12', 'user', 'newbie.png', 'bgnewbie.jpg'),
(35, 'mudmee', 'Kaidown2Meal', 'mudmee', 'Female', 150, 40, '2004-05-15', 'user', '35-150063754_4231261140235776_8539097389227081119_n.jpg', 'bgnewbie.jpg'),
(36, 'pun', 'AmaterasuRightEye', 'oyasumi_punpun', 'Male', 177, 50, '2004-04-17', 'user', '36-15267681_1747729105550888_1592418492244863348_n.jpg', 'bgnewbie.jpg'),
(37, 'bua', 'ArtpixelBua65', 'bua_bua', 'Female', 156, 48, '2004-08-05', 'user', '37-127212842_1234997106886877_5344807880166239028_n.jpg', 'bgnewbie.jpg'),
(38, 'keng', 'Karalight0', 'kenggar', 'Male', 170, 50, '2004-05-02', 'user', '38-104887562_1105142539870118_7092905546045658705_n.jpg', 'bgnewbie.jpg'),
(39, 'tanyong', 'ImAqutiePie', 'captainyong', 'Female', 165, 40, '2003-10-09', 'user', '39-144042860_2856739891280190_5909805025777236176_n.jpg', 'bgnewbie.jpg'),
(40, 'kirk', '2k022003', 'Kirkty', 'Male', 180, 65, '2004-04-09', 'user', '40-143394285_494015491590592_7551828399841504241_n.jpg', 'bgnewbie.jpg'),
(41, 'pluto', 'GivemeBong5hole', 'knowme_pluto', 'Male', 180, 65, '2004-04-18', 'user', '41-139271836_1197045230693032_587031926800265157_n.jpg', 'bgnewbie.jpg'),
(42, 'nara', 'Raweed23', 'Ra1', 'Male', 175, 70, '2004-06-15', 'user', '42-190173959_1168862413525808_5668513575128462538_n.jpg', 'bgnewbie.jpg'),
(43, 'aun', '0855746124Auni', 'Aunni007', 'Male', 178, 55, '2004-02-17', 'user', '43-83606181_2270084123290685_7479165030307463168_n.jpg', 'bgnewbie.jpg'),
(44, 'win', 'Badmintor3', 'Winbadminton', 'Male', 175, 55, '2004-03-14', 'user', '44-83702161_1474790696017620_521612280471748608_n.jpg', 'bgnewbie.jpg');

-- --------------------------------------------------------

--
-- Table structure for table `workout`
--

CREATE TABLE `workout` (
  `wID` int(11) NOT NULL,
  `uID` int(11) NOT NULL,
  `wName` text NOT NULL,
  `wMET` int(11) NOT NULL,
  `wMinute` int(11) NOT NULL,
  `wDate` date NOT NULL,
  `wTime` text NOT NULL,
  `wKcal` int(11) NOT NULL
) ENGINE=InnoDB DEFAULT CHARSET=utf8mb4;

--
-- Dumping data for table `workout`
--

INSERT INTO `workout` (`wID`, `uID`, `wName`, `wMET`, `wMinute`, `wDate`, `wTime`, `wKcal`) VALUES
(81, 1, 'Swimming', 5, 16, '2021-08-23', '15:31:04', 78),
(82, 1, 'Cycling', 7, 16, '2021-08-23', '15:34:11', 110),
(83, 1, 'Cycling', 7, 16, '2021-08-23', '15:38:05', 110),
(84, 1, 'BABA', 0, 0, '2021-08-23', '15:47:16', 123),
(85, 1, 'Cycling', 7, 15, '2021-08-25', '10:40:05', 103),
(86, 1, 'Swimming', 5, 15, '2021-08-25', '11:02:16', 74),
(87, 1, 'MOVEON', 0, 0, '2021-08-25', '11:02:21', 123),
(88, 25, 'Jumping Jacks', 8, 12, '2021-08-25', '11:02:39', 101),
(89, 25, 'CODe', 0, 0, '2021-08-25', '11:02:48', 130),
(90, 25, 'Push-Ups', 8, 16, '2021-08-25', '11:25:50', 134),
(91, 1, 'Lunges', 4, 15, '2021-08-27', '10:17:58', 59),
(92, 1, 'Crunches', 5, 50, '2021-08-27', '10:18:07', 245),
(93, 1, 'Running', 11, 40, '2021-08-27', '10:18:31', 431),
(94, 25, 'Mountain Biking', 8, 50, '2021-08-27', '10:20:56', 420),
(95, 1, 'สกีในร่ม', 7, 20, '2021-08-29', '15:32:01', 137),
(96, 1, 'การบริหารกาย(Calisthenic)', 5, 30, '2021-08-29', '15:32:11', 147),
(97, 25, 'ยกน้ำหนัก', 5, 50, '2021-08-29', '15:32:52', 263),
(98, 26, 'เดินขึ้นบันได', 6, 10, '2021-08-29', '15:33:52', 63),
(99, 27, 'ฟุตบอล', 8, 120, '2021-08-29', '15:35:37', 1008),
(100, 28, 'เล่นกับเด็ก', 5, 60, '2021-08-29', '15:36:44', 315),
(101, 29, 'อ่านหนังสือ', 1, 360, '2021-08-29', '15:37:54', 315),
(102, 29, 'กวาดบ้าน', 4, 30, '2021-08-29', '15:38:08', 105),
(103, 30, 'ทำสวน', 4, 60, '2021-08-29', '15:38:56', 231),
(104, 30, 'กวาดบ้าน', 4, 60, '2021-08-29', '15:39:02', 231),
(105, 31, 'เล่นกับเด็ก', 5, 120, '2021-08-29', '15:39:58', 473),
(106, 32, 'วิ่ง', 10, 120, '2021-08-29', '15:41:01', 1050),
(107, 33, 'บาสเกตบอล', 7, 120, '2021-08-29', '15:41:35', 809),
(108, 34, 'การเดินป่า', 8, 30, '2021-08-29', '15:48:26', 189),
(109, 35, 'เต้น', 6, 30, '2021-08-29', '15:49:03', 126),
(110, 36, 'ซิทอัพ(Sit-Ups)', 8, 60, '2021-08-29', '15:49:42', 420),
(111, 37, 'เล่นกับเด็ก', 5, 50, '2021-08-29', '08:04:36', 197),
(112, 37, 'กวาดบ้าน', 4, 60, '2021-08-29', '08:05:46', 189),
(113, 37, 'เล่นดนตรี', 3, 30, '2021-08-29', '08:06:31', 71),
(114, 38, 'พายเรือแบบยืน', 10, 60, '2021-08-29', '08:07:26', 525),
(115, 39, 'เล่นกับเด็ก', 5, 60, '2021-08-29', '08:12:08', 210),
(116, 40, 'บาสเกตบอล', 7, 80, '2021-08-29', '08:13:10', 588),
(117, 41, 'กวาดบ้าน', 4, 80, '2021-08-29', '08:13:56', 364),
(118, 42, 'ล้างรถ', 5, 60, '2021-08-29', '08:14:31', 368),
(119, 43, 'ฟุตบอล', 8, 60, '2021-08-29', '08:15:17', 462),
(120, 44, 'วิ่ง', 10, 60, '2021-08-29', '08:16:01', 578),
(121, 27, 'วิ่ง', 10, 60, '2021-08-31', '10:43:25', 630),
(122, 27, 'การเดินป่า', 8, 60, '2021-08-31', '10:43:34', 504),
(123, 28, 'สเก็ตเร็ว', 8, 120, '2021-08-31', '10:46:00', 1092),
(124, 29, 'ว่ายน้ำ', 7, 120, '2021-08-31', '10:47:59', 735),
(125, 30, 'ทำงานสวน', 6, 180, '2021-08-31', '10:51:54', 1040),
(126, 31, 'ศิลปะการต่อสู้', 8, 60, '2021-08-31', '10:54:31', 378),
(127, 32, 'วิ่ง', 10, 120, '2021-08-31', '10:56:32', 1050),
(128, 33, 'วอลเลย์บอล', 6, 120, '2021-08-31', '10:59:10', 693),
(129, 34, 'ศิลปะการต่อสู้', 8, 120, '2021-08-31', '11:04:25', 806),
(130, 35, 'กวาดบ้าน', 4, 30, '2021-08-31', '11:05:24', 84),
(131, 36, 'ฟุตบอล', 8, 60, '2021-08-31', '11:07:16', 420),
(132, 37, 'การบริหารกาย(Calisthenic)', 5, 60, '2021-08-31', '11:08:16', 252),
(133, 38, 'ศิลปะการต่อสู้', 8, 60, '2021-08-31', '11:11:31', 420),
(134, 38, 'เล่นกับเด็ก', 5, 20, '2021-08-31', '11:11:37', 88),
(135, 39, 'เล่นกับเด็ก', 5, 60, '2021-08-31', '11:14:08', 210),
(136, 40, 'บาสเกตบอล', 7, 180, '2021-08-31', '11:21:05', 1433),
(137, 41, 'บาสเกตบอล', 7, 120, '2021-08-31', '11:26:29', 956),
(138, 41, 'เล่นกับเด็ก', 5, 60, '2021-08-31', '11:26:37', 341),
(139, 42, 'เล่นดนตรี', 3, 360, '2021-08-31', '11:28:19', 1323),
(140, 43, 'บาสเกตบอล', 7, 120, '2021-08-31', '11:30:03', 809),
(141, 43, 'ปีนเขา', 7, 30, '2021-08-31', '11:30:11', 202),
(142, 44, 'แบดมินตัน', 0, 0, '2021-08-31', '11:31:29', 900),
(143, 1, 'ฟุตบอล', 8, 60, '2021-09-01', '09:48:27', 470),
(144, 1, 'ยกน้ำหนัก', 5, 180, '2021-09-01', '10:28:53', 882),
(145, 25, 'เบอร์พี(Burpee)', 8, 60, '2021-09-01', '10:37:13', 504),
(146, 25, 'ว่ายน้ำ', 7, 60, '2021-09-01', '10:37:24', 441),
(147, 26, 'ยกน้ำหนัก', 5, 30, '2021-09-01', '10:39:24', 168),
(148, 27, 'ฟุตบอล', 8, 180, '2021-09-01', '10:42:31', 1512),
(149, 28, 'ว่ายน้ำ', 7, 120, '2021-09-01', '10:43:51', 956),
(150, 29, 'ว่ายน้ำ', 7, 180, '2021-09-01', '10:50:17', 1103),
(151, 30, 'ทำงานสวน', 6, 120, '2021-09-01', '10:52:38', 693),
(152, 31, 'เต้น', 6, 60, '2021-09-01', '10:53:29', 284),
(153, 32, 'วิ่ง', 10, 120, '2021-09-01', '10:55:02', 1050),
(154, 33, 'บาสเกตบอล', 7, 180, '2021-09-01', '10:57:53', 1213),
(155, 35, 'เล่นกับเด็ก', 5, 60, '2021-09-01', '11:00:46', 210),
(156, 36, 'การเดินป่า', 8, 60, '2021-09-01', '14:28:04', 420),
(157, 37, 'เล่นกับเด็ก', 5, 60, '2021-09-01', '14:28:42', 252),
(158, 38, 'ว่ายน้ำ', 7, 60, '2021-09-01', '14:29:18', 368),
(159, 39, 'วิดพื้น(Push-Ups)', 8, 30, '2021-09-01', '14:29:54', 168),
(160, 40, 'บาสเกตบอล', 7, 180, '2021-09-01', '14:30:49', 1433),
(161, 41, 'บาสเกตบอล', 7, 180, '2021-09-01', '14:31:41', 1433),
(162, 42, 'ขนย้ายเฟอร์นิเจอร์', 6, 60, '2021-09-01', '14:32:25', 441),
(163, 43, 'บาสเกตบอล', 7, 120, '2021-09-01', '14:33:53', 809),
(164, 44, 'แบดมินตัน', 0, 0, '2021-09-01', '14:34:57', 650),
(165, 1, 'วิ่ง', 10, 60, '2021-08-31', '21:49:43', 588),
(166, 26, 'วิ่ง', 10, 30, '2021-08-31', '21:51:11', 336),
(167, 1, 'วิ่ง', 10, 50, '2021-08-30', '21:55:59', 490),
(168, 26, 'กระโดดตบ', 8, 30, '2021-08-30', '22:00:33', 269),
(169, 27, 'ฟุตบอล', 8, 40, '2021-08-30', '22:08:11', 336),
(170, 28, 'วิ่ง', 10, 30, '2021-08-30', '22:10:00', 341),
(171, 29, 'แอโรบิค', 8, 60, '2021-08-30', '22:10:52', 420);

--
-- Indexes for dumped tables
--

--
-- Indexes for table `eat`
--
ALTER TABLE `eat`
  ADD PRIMARY KEY (`eID`);

--
-- Indexes for table `food`
--
ALTER TABLE `food`
  ADD PRIMARY KEY (`fID`);

--
-- Indexes for table `mmove`
--
ALTER TABLE `mmove`
  ADD PRIMARY KEY (`mID`);

--
-- Indexes for table `user`
--
ALTER TABLE `user`
  ADD PRIMARY KEY (`uID`);

--
-- Indexes for table `workout`
--
ALTER TABLE `workout`
  ADD PRIMARY KEY (`wID`);

--
-- AUTO_INCREMENT for dumped tables
--

--
-- AUTO_INCREMENT for table `eat`
--
ALTER TABLE `eat`
  MODIFY `eID` int(11) NOT NULL AUTO_INCREMENT, AUTO_INCREMENT=1172;

--
-- AUTO_INCREMENT for table `food`
--
ALTER TABLE `food`
  MODIFY `fID` int(11) NOT NULL AUTO_INCREMENT, AUTO_INCREMENT=657;

--
-- AUTO_INCREMENT for table `mmove`
--
ALTER TABLE `mmove`
  MODIFY `mID` int(11) NOT NULL AUTO_INCREMENT, AUTO_INCREMENT=73;

--
-- AUTO_INCREMENT for table `user`
--
ALTER TABLE `user`
  MODIFY `uID` int(11) NOT NULL AUTO_INCREMENT, AUTO_INCREMENT=52;

--
-- AUTO_INCREMENT for table `workout`
--
ALTER TABLE `workout`
  MODIFY `wID` int(11) NOT NULL AUTO_INCREMENT, AUTO_INCREMENT=172;
COMMIT;

/*!40101 SET CHARACTER_SET_CLIENT=@OLD_CHARACTER_SET_CLIENT */;
/*!40101 SET CHARACTER_SET_RESULTS=@OLD_CHARACTER_SET_RESULTS */;
/*!40101 SET COLLATION_CONNECTION=@OLD_COLLATION_CONNECTION */;
